ISO-10303-21;
HEADER;
FILE_DESCRIPTION(('FreeCAD Model'),'2;1');
FILE_NAME('Open CASCADE Shape Model','2026-09-14T17:58:09',('Author'),(
    ''),'Open CASCADE STEP processor 7.8','FreeCAD','Unknown');
FILE_SCHEMA(('AUTOMOTIVE_DESIGN { 1 0 10303 214 1 1 1 1 }'));
ENDSEC;
DATA;
#1 = APPLICATION_PROTOCOL_DEFINITION('international standard',
  'automotive_design',2000,#2);
#2 = APPLICATION_CONTEXT(
  'core data for automotive mechanical design processes');
#3 = SHAPE_DEFINITION_REPRESENTATION(#4,#10);
#4 = PRODUCT_DEFINITION_SHAPE('','',#5);
#5 = PRODUCT_DEFINITION('design','',#6,#9);
#6 = PRODUCT_DEFINITION_FORMATION('','',#7);
#7 = PRODUCT('Pocket003','Pocket003','',(#8));
#8 = PRODUCT_CONTEXT('',#2,'mechanical');
#9 = PRODUCT_DEFINITION_CONTEXT('part definition',#2,'design');
#10 = SHAPE_REPRESENTATION('',(#11,#15,#1697),#2307);
#11 = AXIS2_PLACEMENT_3D('',#12,#13,#14);
#12 = CARTESIAN_POINT('',(0.,0.,0.));
#13 = DIRECTION('',(0.,0.,1.));
#14 = DIRECTION('',(1.,0.,-0.));
#15 = MANIFOLD_SOLID_BREP('',#16);
#16 = CLOSED_SHELL('',(#17,#60,#374,#474,#517,#535,#628,#652,#696,#727,
    #782,#806,#823,#921,#945,#981,#998,#1022,#1058,#1075,#1099,#1182,
    #1213,#1268,#1292,#1309,#1321,#1345,#1357,#1382,#1394,#1406,#1440,
    #1465,#1477,#1489,#1506,#1523,#1554,#1578,#1602,#1626,#1650,#1667,
    #1684));
#17 = ADVANCED_FACE('',(#18),#55,.T.);
#18 = FACE_BOUND('',#19,.T.);
#19 = EDGE_LOOP('',(#20,#31,#39,#48));
#20 = ORIENTED_EDGE('',*,*,#21,.T.);
#21 = EDGE_CURVE('',#22,#24,#26,.T.);
#22 = VERTEX_POINT('',#23);
#23 = CARTESIAN_POINT('',(-24.91987158875,-2.,34.));
#24 = VERTEX_POINT('',#25);
#25 = CARTESIAN_POINT('',(25.,0.,34.));
#26 = CIRCLE('',#27,25.);
#27 = AXIS2_PLACEMENT_3D('',#28,#29,#30);
#28 = CARTESIAN_POINT('',(0.,0.,34.));
#29 = DIRECTION('',(0.,0.,1.));
#30 = DIRECTION('',(1.,0.,0.));
#31 = ORIENTED_EDGE('',*,*,#32,.T.);
#32 = EDGE_CURVE('',#24,#33,#35,.T.);
#33 = VERTEX_POINT('',#34);
#34 = CARTESIAN_POINT('',(23.,0.,36.));
#35 = LINE('',#36,#37);
#36 = CARTESIAN_POINT('',(25.,0.,34.));
#37 = VECTOR('',#38,1.);
#38 = DIRECTION('',(-0.707106781187,0.,0.707106781187));
#39 = ORIENTED_EDGE('',*,*,#40,.F.);
#40 = EDGE_CURVE('',#41,#33,#43,.T.);
#41 = VERTEX_POINT('',#42);
#42 = CARTESIAN_POINT('',(-22.91287847477,-2.,36.));
#43 = CIRCLE('',#44,23.);
#44 = AXIS2_PLACEMENT_3D('',#45,#46,#47);
#45 = CARTESIAN_POINT('',(0.,0.,36.));
#46 = DIRECTION('',(0.,0.,1.));
#47 = DIRECTION('',(1.,0.,0.));
#48 = ORIENTED_EDGE('',*,*,#49,.F.);
#49 = EDGE_CURVE('',#22,#41,#50,.T.);
#50 = HYPERBOLA('',#51,2.,2.);
#51 = AXIS2_PLACEMENT_3D('',#52,#53,#54);
#52 = CARTESIAN_POINT('',(0.,-2.,59.));
#53 = DIRECTION('',(0.,-1.,0.));
#54 = DIRECTION('',(-0.,-0.,-1.));
#55 = CONICAL_SURFACE('',#56,25.,0.785398163397);
#56 = AXIS2_PLACEMENT_3D('',#57,#58,#59);
#57 = CARTESIAN_POINT('',(0.,0.,34.));
#58 = DIRECTION('',(-0.,-0.,-1.));
#59 = DIRECTION('',(1.,0.,0.));
#60 = ADVANCED_FACE('',(#61),#369,.T.);
#61 = FACE_BOUND('',#62,.F.);
#62 = EDGE_LOOP('',(#63,#73,#82,#90,#99,#118,#137,#146,#154,#163,#171,
    #180,#188,#197,#205,#214,#223,#231,#240,#248,#257,#265,#274,#282,
    #291,#310,#329,#338,#346,#355,#361,#362));
#63 = ORIENTED_EDGE('',*,*,#64,.T.);
#64 = EDGE_CURVE('',#65,#67,#69,.T.);
#65 = VERTEX_POINT('',#66);
#66 = CARTESIAN_POINT('',(-24.91987158875,2.,34.));
#67 = VERTEX_POINT('',#68);
#68 = CARTESIAN_POINT('',(-24.91987158875,2.,23.));
#69 = LINE('',#70,#71);
#70 = CARTESIAN_POINT('',(-24.91987158875,2.,0.));
#71 = VECTOR('',#72,1.);
#72 = DIRECTION('',(-0.,-0.,-1.));
#73 = ORIENTED_EDGE('',*,*,#74,.T.);
#74 = EDGE_CURVE('',#67,#75,#77,.T.);
#75 = VERTEX_POINT('',#76);
#76 = CARTESIAN_POINT('',(-23.32380757938,9.,23.));
#77 = CIRCLE('',#78,25.);
#78 = AXIS2_PLACEMENT_3D('',#79,#80,#81);
#79 = CARTESIAN_POINT('',(0.,0.,23.));
#80 = DIRECTION('',(0.,0.,-1.));
#81 = DIRECTION('',(1.,0.,0.));
#82 = ORIENTED_EDGE('',*,*,#83,.T.);
#83 = EDGE_CURVE('',#75,#84,#86,.T.);
#84 = VERTEX_POINT('',#85);
#85 = CARTESIAN_POINT('',(-23.32380757938,9.,19.));
#86 = LINE('',#87,#88);
#87 = CARTESIAN_POINT('',(-23.32380757938,9.,-2.063062716884E-15));
#88 = VECTOR('',#89,1.);
#89 = DIRECTION('',(-0.,-0.,-1.));
#90 = ORIENTED_EDGE('',*,*,#91,.T.);
#91 = EDGE_CURVE('',#84,#92,#94,.T.);
#92 = VERTEX_POINT('',#93);
#93 = CARTESIAN_POINT('',(-1.323807579381,24.964926066239,19.));
#94 = CIRCLE('',#95,25.);
#95 = AXIS2_PLACEMENT_3D('',#96,#97,#98);
#96 = CARTESIAN_POINT('',(0.,0.,19.));
#97 = DIRECTION('',(0.,0.,-1.));
#98 = DIRECTION('',(1.,0.,0.));
#99 = ORIENTED_EDGE('',*,*,#100,.F.);
#100 = EDGE_CURVE('',#101,#92,#103,.T.);
#101 = VERTEX_POINT('',#102);
#102 = CARTESIAN_POINT('',(0.426192420619,24.996366936429,17.25));
#103 = B_SPLINE_CURVE_WITH_KNOTS('',7,(#104,#105,#106,#107,#108,#109,
    #110,#111,#112,#113,#114,#115,#116,#117),.UNSPECIFIED.,.F.,.F.,(8,6,
    8),(0.,0.486305318274,1.),.UNSPECIFIED.);
#104 = CARTESIAN_POINT('',(0.426192420619,24.996366936429,17.25));
#105 = CARTESIAN_POINT('',(0.426192420619,24.996366936429,
    17.417298329536));
#106 = CARTESIAN_POINT('',(0.407533512109,24.996685066585,
    17.584505664944));
#107 = CARTESIAN_POINT('',(0.370250447779,24.997320787775,
    17.750334738745));
#108 = CARTESIAN_POINT('',(0.31399413298,24.998192098563,17.913377981157
    ));
#109 = CARTESIAN_POINT('',(0.238146312248,24.999135286198,
    18.071905504382));
#110 = CARTESIAN_POINT('',(0.141931625526,24.999872486561,
    18.223651042547));
#111 = CARTESIAN_POINT('',(-9.935923772486E-02,25.000109826117,
    18.515321592268));
#112 = CARTESIAN_POINT('',(-0.250147377537,24.99954117269,
    18.658046912906));
#113 = CARTESIAN_POINT('',(-0.427564263243,24.997722890884,
    18.784889718954));
#114 = CARTESIAN_POINT('',(-0.628932346055,24.993919347867,
    18.888190604775));
#115 = CARTESIAN_POINT('',(-0.849649846295,24.987366796926,
    18.961558903047));
#116 = CARTESIAN_POINT('',(-1.083678222023,24.977659333001,19.));
#117 = CARTESIAN_POINT('',(-1.323807579381,24.964926066239,19.));
#118 = ORIENTED_EDGE('',*,*,#119,.F.);
#119 = EDGE_CURVE('',#120,#101,#122,.T.);
#120 = VERTEX_POINT('',#121);
#121 = CARTESIAN_POINT('',(-1.323807579381,24.964926066239,15.5));
#122 = B_SPLINE_CURVE_WITH_KNOTS('',7,(#123,#124,#125,#126,#127,#128,
    #129,#130,#131,#132,#133,#134,#135,#136),.UNSPECIFIED.,.F.,.F.,(8,6,
    8),(0.,0.453357892161,1.),.UNSPECIFIED.);
#123 = CARTESIAN_POINT('',(-1.323807579381,24.964926066239,15.5));
#124 = CARTESIAN_POINT('',(-1.112859190434,24.97611196262,15.5));
#125 = CARTESIAN_POINT('',(-0.90569110596,24.985011975416,
    15.529666020207));
#126 = CARTESIAN_POINT('',(-0.70765252523,24.991481160308,
    15.587085011646));
#127 = CARTESIAN_POINT('',(-0.523511716201,24.995716077425,
    15.669046989615));
#128 = CARTESIAN_POINT('',(-0.357132728851,24.998189265233,
    15.771138127551));
#129 = CARTESIAN_POINT('',(-0.211104599875,24.999419864795,
    15.887829245354));
#130 = CARTESIAN_POINT('',(6.402877648638E-02,25.000370409096,
    16.162962621715));
#131 = CARTESIAN_POINT('',(0.187040269903,24.999739731026,
    16.328625675323));
#132 = CARTESIAN_POINT('',(0.283708323911,24.998654838814,16.50441656552
    ));
#133 = CARTESIAN_POINT('',(0.355219527269,24.99757718062,16.686820835193
    ));
#134 = CARTESIAN_POINT('',(0.402530158338,24.996770347895,
    16.873241733843));
#135 = CARTESIAN_POINT('',(0.426192420619,24.996366936429,
    17.061600660784));
#136 = CARTESIAN_POINT('',(0.426192420619,24.996366936429,17.25));
#137 = ORIENTED_EDGE('',*,*,#138,.F.);
#138 = EDGE_CURVE('',#139,#120,#141,.T.);
#139 = VERTEX_POINT('',#140);
#140 = CARTESIAN_POINT('',(-23.32380757938,9.,15.5));
#141 = CIRCLE('',#142,25.);
#142 = AXIS2_PLACEMENT_3D('',#143,#144,#145);
#143 = CARTESIAN_POINT('',(0.,0.,15.5));
#144 = DIRECTION('',(0.,0.,-1.));
#145 = DIRECTION('',(1.,0.,0.));
#146 = ORIENTED_EDGE('',*,*,#147,.T.);
#147 = EDGE_CURVE('',#139,#148,#150,.T.);
#148 = VERTEX_POINT('',#149);
#149 = CARTESIAN_POINT('',(-23.32380757938,9.,3.));
#150 = LINE('',#151,#152);
#151 = CARTESIAN_POINT('',(-23.32380757938,9.,-2.063062716884E-15));
#152 = VECTOR('',#153,1.);
#153 = DIRECTION('',(-0.,-0.,-1.));
#154 = ORIENTED_EDGE('',*,*,#155,.F.);
#155 = EDGE_CURVE('',#156,#148,#158,.T.);
#156 = VERTEX_POINT('',#157);
#157 = CARTESIAN_POINT('',(-24.91987158875,2.,3.));
#158 = CIRCLE('',#159,25.);
#159 = AXIS2_PLACEMENT_3D('',#160,#161,#162);
#160 = CARTESIAN_POINT('',(0.,0.,3.));
#161 = DIRECTION('',(0.,0.,-1.));
#162 = DIRECTION('',(1.,0.,0.));
#163 = ORIENTED_EDGE('',*,*,#164,.T.);
#164 = EDGE_CURVE('',#156,#165,#167,.T.);
#165 = VERTEX_POINT('',#166);
#166 = CARTESIAN_POINT('',(-24.91987158875,2.,0.));
#167 = LINE('',#168,#169);
#168 = CARTESIAN_POINT('',(-24.91987158875,2.,0.));
#169 = VECTOR('',#170,1.);
#170 = DIRECTION('',(-0.,-0.,-1.));
#171 = ORIENTED_EDGE('',*,*,#172,.F.);
#172 = EDGE_CURVE('',#173,#165,#175,.T.);
#173 = VERTEX_POINT('',#174);
#174 = CARTESIAN_POINT('',(14.858738417809,20.105170793383,0.));
#175 = CIRCLE('',#176,25.);
#176 = AXIS2_PLACEMENT_3D('',#177,#178,#179);
#177 = CARTESIAN_POINT('',(0.,0.,0.));
#178 = DIRECTION('',(0.,0.,1.));
#179 = DIRECTION('',(1.,0.,0.));
#180 = ORIENTED_EDGE('',*,*,#181,.T.);
#181 = EDGE_CURVE('',#173,#182,#184,.T.);
#182 = VERTEX_POINT('',#183);
#183 = CARTESIAN_POINT('',(14.858738417809,20.105170793383,26.));
#184 = LINE('',#185,#186);
#185 = CARTESIAN_POINT('',(14.858738417809,20.105170793383,0.));
#186 = VECTOR('',#187,1.);
#187 = DIRECTION('',(0.,0.,1.));
#188 = ORIENTED_EDGE('',*,*,#189,.F.);
#189 = EDGE_CURVE('',#190,#182,#192,.T.);
#190 = VERTEX_POINT('',#191);
#191 = CARTESIAN_POINT('',(18.562442121513,16.746215766121,26.));
#192 = CIRCLE('',#193,25.);
#193 = AXIS2_PLACEMENT_3D('',#194,#195,#196);
#194 = CARTESIAN_POINT('',(0.,0.,26.));
#195 = DIRECTION('',(0.,0.,1.));
#196 = DIRECTION('',(1.,0.,0.));
#197 = ORIENTED_EDGE('',*,*,#198,.F.);
#198 = EDGE_CURVE('',#199,#190,#201,.T.);
#199 = VERTEX_POINT('',#200);
#200 = CARTESIAN_POINT('',(18.562442121513,16.746215766121,0.));
#201 = LINE('',#202,#203);
#202 = CARTESIAN_POINT('',(18.562442121513,16.746215766121,0.));
#203 = VECTOR('',#204,1.);
#204 = DIRECTION('',(0.,0.,1.));
#205 = ORIENTED_EDGE('',*,*,#206,.F.);
#206 = EDGE_CURVE('',#207,#199,#209,.T.);
#207 = VERTEX_POINT('',#208);
#208 = CARTESIAN_POINT('',(25.,0.,0.));
#209 = CIRCLE('',#210,25.);
#210 = AXIS2_PLACEMENT_3D('',#211,#212,#213);
#211 = CARTESIAN_POINT('',(0.,0.,0.));
#212 = DIRECTION('',(0.,0.,1.));
#213 = DIRECTION('',(1.,0.,0.));
#214 = ORIENTED_EDGE('',*,*,#215,.F.);
#215 = EDGE_CURVE('',#216,#207,#218,.T.);
#216 = VERTEX_POINT('',#217);
#217 = CARTESIAN_POINT('',(18.562442121513,-16.74621576612,0.));
#218 = CIRCLE('',#219,25.);
#219 = AXIS2_PLACEMENT_3D('',#220,#221,#222);
#220 = CARTESIAN_POINT('',(0.,0.,0.));
#221 = DIRECTION('',(0.,0.,1.));
#222 = DIRECTION('',(1.,0.,0.));
#223 = ORIENTED_EDGE('',*,*,#224,.T.);
#224 = EDGE_CURVE('',#216,#225,#227,.T.);
#225 = VERTEX_POINT('',#226);
#226 = CARTESIAN_POINT('',(18.562442121513,-16.74621576612,26.));
#227 = LINE('',#228,#229);
#228 = CARTESIAN_POINT('',(18.562442121513,-16.74621576612,0.));
#229 = VECTOR('',#230,1.);
#230 = DIRECTION('',(0.,0.,1.));
#231 = ORIENTED_EDGE('',*,*,#232,.F.);
#232 = EDGE_CURVE('',#233,#225,#235,.T.);
#233 = VERTEX_POINT('',#234);
#234 = CARTESIAN_POINT('',(14.858738417809,-20.10517079338,26.));
#235 = CIRCLE('',#236,25.);
#236 = AXIS2_PLACEMENT_3D('',#237,#238,#239);
#237 = CARTESIAN_POINT('',(0.,0.,26.));
#238 = DIRECTION('',(0.,0.,1.));
#239 = DIRECTION('',(1.,0.,0.));
#240 = ORIENTED_EDGE('',*,*,#241,.F.);
#241 = EDGE_CURVE('',#242,#233,#244,.T.);
#242 = VERTEX_POINT('',#243);
#243 = CARTESIAN_POINT('',(14.858738417809,-20.10517079338,0.));
#244 = LINE('',#245,#246);
#245 = CARTESIAN_POINT('',(14.858738417809,-20.10517079338,0.));
#246 = VECTOR('',#247,1.);
#247 = DIRECTION('',(0.,0.,1.));
#248 = ORIENTED_EDGE('',*,*,#249,.F.);
#249 = EDGE_CURVE('',#250,#242,#252,.T.);
#250 = VERTEX_POINT('',#251);
#251 = CARTESIAN_POINT('',(-24.91987158875,-2.,0.));
#252 = CIRCLE('',#253,25.);
#253 = AXIS2_PLACEMENT_3D('',#254,#255,#256);
#254 = CARTESIAN_POINT('',(0.,0.,0.));
#255 = DIRECTION('',(0.,0.,1.));
#256 = DIRECTION('',(1.,0.,0.));
#257 = ORIENTED_EDGE('',*,*,#258,.F.);
#258 = EDGE_CURVE('',#259,#250,#261,.T.);
#259 = VERTEX_POINT('',#260);
#260 = CARTESIAN_POINT('',(-24.91987158875,-2.,3.));
#261 = LINE('',#262,#263);
#262 = CARTESIAN_POINT('',(-24.91987158875,-2.,0.));
#263 = VECTOR('',#264,1.);
#264 = DIRECTION('',(-0.,-0.,-1.));
#265 = ORIENTED_EDGE('',*,*,#266,.F.);
#266 = EDGE_CURVE('',#267,#259,#269,.T.);
#267 = VERTEX_POINT('',#268);
#268 = CARTESIAN_POINT('',(-23.32380757938,-9.,3.));
#269 = CIRCLE('',#270,25.);
#270 = AXIS2_PLACEMENT_3D('',#271,#272,#273);
#271 = CARTESIAN_POINT('',(0.,0.,3.));
#272 = DIRECTION('',(0.,0.,-1.));
#273 = DIRECTION('',(1.,0.,0.));
#274 = ORIENTED_EDGE('',*,*,#275,.F.);
#275 = EDGE_CURVE('',#276,#267,#278,.T.);
#276 = VERTEX_POINT('',#277);
#277 = CARTESIAN_POINT('',(-23.32380757938,-9.,15.5));
#278 = LINE('',#279,#280);
#279 = CARTESIAN_POINT('',(-23.32380757938,-9.,2.063062716884E-15));
#280 = VECTOR('',#281,1.);
#281 = DIRECTION('',(-0.,-0.,-1.));
#282 = ORIENTED_EDGE('',*,*,#283,.F.);
#283 = EDGE_CURVE('',#284,#276,#286,.T.);
#284 = VERTEX_POINT('',#285);
#285 = CARTESIAN_POINT('',(-1.323807579381,-24.96492606623,15.5));
#286 = CIRCLE('',#287,25.);
#287 = AXIS2_PLACEMENT_3D('',#288,#289,#290);
#288 = CARTESIAN_POINT('',(0.,0.,15.5));
#289 = DIRECTION('',(0.,0.,-1.));
#290 = DIRECTION('',(1.,0.,0.));
#291 = ORIENTED_EDGE('',*,*,#292,.T.);
#292 = EDGE_CURVE('',#284,#293,#295,.T.);
#293 = VERTEX_POINT('',#294);
#294 = CARTESIAN_POINT('',(0.426192420619,-24.99636693642,17.25));
#295 = B_SPLINE_CURVE_WITH_KNOTS('',7,(#296,#297,#298,#299,#300,#301,
    #302,#303,#304,#305,#306,#307,#308,#309),.UNSPECIFIED.,.F.,.F.,(8,6,
    8),(0.,0.45335789216,1.),.UNSPECIFIED.);
#296 = CARTESIAN_POINT('',(-1.323807579381,-24.96492606623,15.5));
#297 = CARTESIAN_POINT('',(-1.112859190434,-24.97611196262,15.5));
#298 = CARTESIAN_POINT('',(-0.90569110596,-24.98501197541,
    15.529666020207));
#299 = CARTESIAN_POINT('',(-0.70765252523,-24.9914811603,15.587085011646
    ));
#300 = CARTESIAN_POINT('',(-0.523511716201,-24.99571607742,
    15.669046989615));
#301 = CARTESIAN_POINT('',(-0.357132728851,-24.99818926523,
    15.771138127551));
#302 = CARTESIAN_POINT('',(-0.211104599875,-24.99941986479,
    15.887829245354));
#303 = CARTESIAN_POINT('',(6.402877648645E-02,-25.00037040909,
    16.162962621715));
#304 = CARTESIAN_POINT('',(0.187040269903,-24.99973973102,
    16.328625675323));
#305 = CARTESIAN_POINT('',(0.283708323911,-24.99865483881,16.50441656552
    ));
#306 = CARTESIAN_POINT('',(0.355219527269,-24.99757718062,
    16.686820835193));
#307 = CARTESIAN_POINT('',(0.402530158338,-24.99677034789,
    16.873241733843));
#308 = CARTESIAN_POINT('',(0.426192420619,-24.99636693642,
    17.061600660784));
#309 = CARTESIAN_POINT('',(0.426192420619,-24.99636693642,17.25));
#310 = ORIENTED_EDGE('',*,*,#311,.T.);
#311 = EDGE_CURVE('',#293,#312,#314,.T.);
#312 = VERTEX_POINT('',#313);
#313 = CARTESIAN_POINT('',(-1.323807579381,-24.96492606623,19.));
#314 = B_SPLINE_CURVE_WITH_KNOTS('',7,(#315,#316,#317,#318,#319,#320,
    #321,#322,#323,#324,#325,#326,#327,#328),.UNSPECIFIED.,.F.,.F.,(8,6,
    8),(0.,0.486305313923,1.),.UNSPECIFIED.);
#315 = CARTESIAN_POINT('',(0.426192420619,-24.99636693642,17.25));
#316 = CARTESIAN_POINT('',(0.426192420619,-24.99636693642,
    17.417298332215));
#317 = CARTESIAN_POINT('',(0.407533511463,-24.99668506658,
    17.584505658343));
#318 = CARTESIAN_POINT('',(0.370250450874,-24.99732078778,
    17.750334743535));
#319 = CARTESIAN_POINT('',(0.313994127105,-24.99819209856,
    17.913377983636));
#320 = CARTESIAN_POINT('',(0.238146317571,-24.99913528619,
    18.071905498902));
#321 = CARTESIAN_POINT('',(0.141931623483,-24.99987248656,
    18.223651045017));
#322 = CARTESIAN_POINT('',(-9.935923772484E-02,-25.00010982611,
    18.515321592268));
#323 = CARTESIAN_POINT('',(-0.250147377537,-24.99954117269,
    18.658046912906));
#324 = CARTESIAN_POINT('',(-0.427564263243,-24.99772289088,
    18.784889718953));
#325 = CARTESIAN_POINT('',(-0.628932346055,-24.99391934786,
    18.888190604775));
#326 = CARTESIAN_POINT('',(-0.849649846295,-24.98736679692,
    18.961558903047));
#327 = CARTESIAN_POINT('',(-1.083678222023,-24.977659333,19.));
#328 = CARTESIAN_POINT('',(-1.323807579381,-24.96492606623,19.));
#329 = ORIENTED_EDGE('',*,*,#330,.T.);
#330 = EDGE_CURVE('',#312,#331,#333,.T.);
#331 = VERTEX_POINT('',#332);
#332 = CARTESIAN_POINT('',(-23.32380757938,-9.,19.));
#333 = CIRCLE('',#334,25.);
#334 = AXIS2_PLACEMENT_3D('',#335,#336,#337);
#335 = CARTESIAN_POINT('',(0.,0.,19.));
#336 = DIRECTION('',(0.,0.,-1.));
#337 = DIRECTION('',(1.,0.,0.));
#338 = ORIENTED_EDGE('',*,*,#339,.F.);
#339 = EDGE_CURVE('',#340,#331,#342,.T.);
#340 = VERTEX_POINT('',#341);
#341 = CARTESIAN_POINT('',(-23.32380757938,-9.,23.));
#342 = LINE('',#343,#344);
#343 = CARTESIAN_POINT('',(-23.32380757938,-9.,2.063062716884E-15));
#344 = VECTOR('',#345,1.);
#345 = DIRECTION('',(-0.,-0.,-1.));
#346 = ORIENTED_EDGE('',*,*,#347,.T.);
#347 = EDGE_CURVE('',#340,#348,#350,.T.);
#348 = VERTEX_POINT('',#349);
#349 = CARTESIAN_POINT('',(-24.91987158875,-2.,23.));
#350 = CIRCLE('',#351,25.);
#351 = AXIS2_PLACEMENT_3D('',#352,#353,#354);
#352 = CARTESIAN_POINT('',(0.,0.,23.));
#353 = DIRECTION('',(0.,0.,-1.));
#354 = DIRECTION('',(1.,0.,0.));
#355 = ORIENTED_EDGE('',*,*,#356,.F.);
#356 = EDGE_CURVE('',#22,#348,#357,.T.);
#357 = LINE('',#358,#359);
#358 = CARTESIAN_POINT('',(-24.91987158875,-2.,0.));
#359 = VECTOR('',#360,1.);
#360 = DIRECTION('',(-0.,-0.,-1.));
#361 = ORIENTED_EDGE('',*,*,#21,.T.);
#362 = ORIENTED_EDGE('',*,*,#363,.T.);
#363 = EDGE_CURVE('',#24,#65,#364,.T.);
#364 = CIRCLE('',#365,25.);
#365 = AXIS2_PLACEMENT_3D('',#366,#367,#368);
#366 = CARTESIAN_POINT('',(0.,0.,34.));
#367 = DIRECTION('',(0.,0.,1.));
#368 = DIRECTION('',(1.,0.,0.));
#369 = CYLINDRICAL_SURFACE('',#370,25.);
#370 = AXIS2_PLACEMENT_3D('',#371,#372,#373);
#371 = CARTESIAN_POINT('',(0.,0.,0.));
#372 = DIRECTION('',(-0.,-0.,-1.));
#373 = DIRECTION('',(1.,0.,0.));
#374 = ADVANCED_FACE('',(#375,#458),#469,.F.);
#375 = FACE_BOUND('',#376,.F.);
#376 = EDGE_LOOP('',(#377,#378,#386,#394,#402,#411,#419,#427,#433,#434,
    #435,#443,#452));
#377 = ORIENTED_EDGE('',*,*,#258,.T.);
#378 = ORIENTED_EDGE('',*,*,#379,.F.);
#379 = EDGE_CURVE('',#380,#250,#382,.T.);
#380 = VERTEX_POINT('',#381);
#381 = CARTESIAN_POINT('',(-22.41093483101,-2.,0.));
#382 = LINE('',#383,#384);
#383 = CARTESIAN_POINT('',(-25.13645867152,-2.,0.));
#384 = VECTOR('',#385,1.);
#385 = DIRECTION('',(-1.,0.,0.));
#386 = ORIENTED_EDGE('',*,*,#387,.F.);
#387 = EDGE_CURVE('',#388,#380,#390,.T.);
#388 = VERTEX_POINT('',#389);
#389 = CARTESIAN_POINT('',(-22.41093483101,-2.,15.5));
#390 = LINE('',#391,#392);
#391 = CARTESIAN_POINT('',(-22.41093483101,-2.,0.));
#392 = VECTOR('',#393,1.);
#393 = DIRECTION('',(-0.,-0.,-1.));
#394 = ORIENTED_EDGE('',*,*,#395,.T.);
#395 = EDGE_CURVE('',#388,#396,#398,.T.);
#396 = VERTEX_POINT('',#397);
#397 = CARTESIAN_POINT('',(-23.32380757938,-2.,15.5));
#398 = LINE('',#399,#400);
#399 = CARTESIAN_POINT('',(-41.66190378969,-2.,15.5));
#400 = VECTOR('',#401,1.);
#401 = DIRECTION('',(-1.,-0.,-6.459479416001E-16));
#402 = ORIENTED_EDGE('',*,*,#403,.F.);
#403 = EDGE_CURVE('',#404,#396,#406,.T.);
#404 = VERTEX_POINT('',#405);
#405 = CARTESIAN_POINT('',(-23.32380757938,-2.,19.));
#406 = CIRCLE('',#407,1.75);
#407 = AXIS2_PLACEMENT_3D('',#408,#409,#410);
#408 = CARTESIAN_POINT('',(-23.32380757938,-2.,17.25));
#409 = DIRECTION('',(0.,-1.,2.22044604925E-16));
#410 = DIRECTION('',(1.,0.,0.));
#411 = ORIENTED_EDGE('',*,*,#412,.F.);
#412 = EDGE_CURVE('',#413,#404,#415,.T.);
#413 = VERTEX_POINT('',#414);
#414 = CARTESIAN_POINT('',(-22.41093483101,-2.,19.));
#415 = LINE('',#416,#417);
#416 = CARTESIAN_POINT('',(-41.66190378969,-2.,19.));
#417 = VECTOR('',#418,1.);
#418 = DIRECTION('',(-1.,0.,0.));
#419 = ORIENTED_EDGE('',*,*,#420,.F.);
#420 = EDGE_CURVE('',#421,#413,#423,.T.);
#421 = VERTEX_POINT('',#422);
#422 = CARTESIAN_POINT('',(-22.41093483101,-2.,36.));
#423 = LINE('',#424,#425);
#424 = CARTESIAN_POINT('',(-22.41093483101,-2.,0.));
#425 = VECTOR('',#426,1.);
#426 = DIRECTION('',(-0.,-0.,-1.));
#427 = ORIENTED_EDGE('',*,*,#428,.F.);
#428 = EDGE_CURVE('',#41,#421,#429,.T.);
#429 = LINE('',#430,#431);
#430 = CARTESIAN_POINT('',(-30.,-2.,36.));
#431 = VECTOR('',#432,1.);
#432 = DIRECTION('',(1.,0.,0.));
#433 = ORIENTED_EDGE('',*,*,#49,.F.);
#434 = ORIENTED_EDGE('',*,*,#356,.T.);
#435 = ORIENTED_EDGE('',*,*,#436,.T.);
#436 = EDGE_CURVE('',#348,#437,#439,.T.);
#437 = VERTEX_POINT('',#438);
#438 = CARTESIAN_POINT('',(-35.,-2.,23.));
#439 = LINE('',#440,#441);
#440 = CARTESIAN_POINT('',(-41.5,-2.,23.));
#441 = VECTOR('',#442,1.);
#442 = DIRECTION('',(-1.,0.,0.));
#443 = ORIENTED_EDGE('',*,*,#444,.F.);
#444 = EDGE_CURVE('',#445,#437,#447,.T.);
#445 = VERTEX_POINT('',#446);
#446 = CARTESIAN_POINT('',(-35.,-2.,3.));
#447 = CIRCLE('',#448,10.);
#448 = AXIS2_PLACEMENT_3D('',#449,#450,#451);
#449 = CARTESIAN_POINT('',(-35.,-2.,13.));
#450 = DIRECTION('',(0.,1.,-2.22044604925E-16));
#451 = DIRECTION('',(1.,0.,0.));
#452 = ORIENTED_EDGE('',*,*,#453,.T.);
#453 = EDGE_CURVE('',#445,#259,#454,.T.);
#454 = LINE('',#455,#456);
#455 = CARTESIAN_POINT('',(-47.5,-2.,3.));
#456 = VECTOR('',#457,1.);
#457 = DIRECTION('',(1.,0.,0.));
#458 = FACE_BOUND('',#459,.F.);
#459 = EDGE_LOOP('',(#460));
#460 = ORIENTED_EDGE('',*,*,#461,.T.);
#461 = EDGE_CURVE('',#462,#462,#464,.T.);
#462 = VERTEX_POINT('',#463);
#463 = CARTESIAN_POINT('',(-30.5,-2.,13.));
#464 = CIRCLE('',#465,4.5);
#465 = AXIS2_PLACEMENT_3D('',#466,#467,#468);
#466 = CARTESIAN_POINT('',(-35.,-2.,13.));
#467 = DIRECTION('',(0.,1.,-2.22044604925E-16));
#468 = DIRECTION('',(1.,0.,0.));
#469 = PLANE('',#470);
#470 = AXIS2_PLACEMENT_3D('',#471,#472,#473);
#471 = CARTESIAN_POINT('',(-60.,-2.,63.));
#472 = DIRECTION('',(0.,-1.,0.));
#473 = DIRECTION('',(1.,0.,0.));
#474 = ADVANCED_FACE('',(#475),#512,.T.);
#475 = FACE_BOUND('',#476,.T.);
#476 = EDGE_LOOP('',(#477,#478,#487,#495,#504,#511));
#477 = ORIENTED_EDGE('',*,*,#40,.T.);
#478 = ORIENTED_EDGE('',*,*,#479,.T.);
#479 = EDGE_CURVE('',#33,#480,#482,.T.);
#480 = VERTEX_POINT('',#481);
#481 = CARTESIAN_POINT('',(-22.91287847477,2.,36.));
#482 = CIRCLE('',#483,23.);
#483 = AXIS2_PLACEMENT_3D('',#484,#485,#486);
#484 = CARTESIAN_POINT('',(0.,0.,36.));
#485 = DIRECTION('',(0.,0.,1.));
#486 = DIRECTION('',(1.,0.,0.));
#487 = ORIENTED_EDGE('',*,*,#488,.F.);
#488 = EDGE_CURVE('',#489,#480,#491,.T.);
#489 = VERTEX_POINT('',#490);
#490 = CARTESIAN_POINT('',(-22.41093483101,2.,36.));
#491 = LINE('',#492,#493);
#492 = CARTESIAN_POINT('',(-6.909171195989E-16,2.,36.));
#493 = VECTOR('',#494,1.);
#494 = DIRECTION('',(-1.,0.,0.));
#495 = ORIENTED_EDGE('',*,*,#496,.F.);
#496 = EDGE_CURVE('',#497,#489,#499,.T.);
#497 = VERTEX_POINT('',#498);
#498 = CARTESIAN_POINT('',(22.5,0.,36.));
#499 = CIRCLE('',#500,22.5);
#500 = AXIS2_PLACEMENT_3D('',#501,#502,#503);
#501 = CARTESIAN_POINT('',(0.,0.,36.));
#502 = DIRECTION('',(0.,0.,1.));
#503 = DIRECTION('',(1.,0.,0.));
#504 = ORIENTED_EDGE('',*,*,#505,.F.);
#505 = EDGE_CURVE('',#421,#497,#506,.T.);
#506 = CIRCLE('',#507,22.5);
#507 = AXIS2_PLACEMENT_3D('',#508,#509,#510);
#508 = CARTESIAN_POINT('',(0.,0.,36.));
#509 = DIRECTION('',(0.,0.,1.));
#510 = DIRECTION('',(1.,0.,0.));
#511 = ORIENTED_EDGE('',*,*,#428,.F.);
#512 = PLANE('',#513);
#513 = AXIS2_PLACEMENT_3D('',#514,#515,#516);
#514 = CARTESIAN_POINT('',(-1.381834239198E-15,1.407373763093E-15,36.));
#515 = DIRECTION('',(0.,0.,1.));
#516 = DIRECTION('',(1.,0.,0.));
#517 = ADVANCED_FACE('',(#518),#530,.T.);
#518 = FACE_BOUND('',#519,.T.);
#519 = EDGE_LOOP('',(#520,#521,#522,#529));
#520 = ORIENTED_EDGE('',*,*,#32,.F.);
#521 = ORIENTED_EDGE('',*,*,#363,.T.);
#522 = ORIENTED_EDGE('',*,*,#523,.F.);
#523 = EDGE_CURVE('',#480,#65,#524,.T.);
#524 = HYPERBOLA('',#525,2.,2.);
#525 = AXIS2_PLACEMENT_3D('',#526,#527,#528);
#526 = CARTESIAN_POINT('',(0.,2.,59.));
#527 = DIRECTION('',(0.,1.,0.));
#528 = DIRECTION('',(0.,0.,-1.));
#529 = ORIENTED_EDGE('',*,*,#479,.F.);
#530 = CONICAL_SURFACE('',#531,25.,0.785398163397);
#531 = AXIS2_PLACEMENT_3D('',#532,#533,#534);
#532 = CARTESIAN_POINT('',(0.,0.,34.));
#533 = DIRECTION('',(-0.,-0.,-1.));
#534 = DIRECTION('',(1.,0.,0.));
#535 = ADVANCED_FACE('',(#536,#612),#623,.F.);
#536 = FACE_BOUND('',#537,.F.);
#537 = EDGE_LOOP('',(#538,#548,#554,#555,#563,#572,#578,#579,#580,#581,
    #589,#597,#606));
#538 = ORIENTED_EDGE('',*,*,#539,.T.);
#539 = EDGE_CURVE('',#540,#542,#544,.T.);
#540 = VERTEX_POINT('',#541);
#541 = CARTESIAN_POINT('',(-22.41093483101,2.,15.5));
#542 = VERTEX_POINT('',#543);
#543 = CARTESIAN_POINT('',(-22.41093483101,2.,0.));
#544 = LINE('',#545,#546);
#545 = CARTESIAN_POINT('',(-22.41093483101,2.,0.));
#546 = VECTOR('',#547,1.);
#547 = DIRECTION('',(-0.,-0.,-1.));
#548 = ORIENTED_EDGE('',*,*,#549,.F.);
#549 = EDGE_CURVE('',#165,#542,#550,.T.);
#550 = LINE('',#551,#552);
#551 = CARTESIAN_POINT('',(4.863541328478,2.,0.));
#552 = VECTOR('',#553,1.);
#553 = DIRECTION('',(1.,0.,0.));
#554 = ORIENTED_EDGE('',*,*,#164,.F.);
#555 = ORIENTED_EDGE('',*,*,#556,.T.);
#556 = EDGE_CURVE('',#156,#557,#559,.T.);
#557 = VERTEX_POINT('',#558);
#558 = CARTESIAN_POINT('',(-35.,2.,3.));
#559 = LINE('',#560,#561);
#560 = CARTESIAN_POINT('',(-17.5,2.,3.));
#561 = VECTOR('',#562,1.);
#562 = DIRECTION('',(-1.,0.,0.));
#563 = ORIENTED_EDGE('',*,*,#564,.T.);
#564 = EDGE_CURVE('',#557,#565,#567,.T.);
#565 = VERTEX_POINT('',#566);
#566 = CARTESIAN_POINT('',(-35.,2.,23.));
#567 = CIRCLE('',#568,10.);
#568 = AXIS2_PLACEMENT_3D('',#569,#570,#571);
#569 = CARTESIAN_POINT('',(-35.,2.,13.));
#570 = DIRECTION('',(0.,1.,-2.22044604925E-16));
#571 = DIRECTION('',(1.,0.,0.));
#572 = ORIENTED_EDGE('',*,*,#573,.T.);
#573 = EDGE_CURVE('',#565,#67,#574,.T.);
#574 = LINE('',#575,#576);
#575 = CARTESIAN_POINT('',(-11.5,2.,23.));
#576 = VECTOR('',#577,1.);
#577 = DIRECTION('',(1.,0.,0.));
#578 = ORIENTED_EDGE('',*,*,#64,.F.);
#579 = ORIENTED_EDGE('',*,*,#523,.F.);
#580 = ORIENTED_EDGE('',*,*,#488,.F.);
#581 = ORIENTED_EDGE('',*,*,#582,.T.);
#582 = EDGE_CURVE('',#489,#583,#585,.T.);
#583 = VERTEX_POINT('',#584);
#584 = CARTESIAN_POINT('',(-22.41093483101,2.,19.));
#585 = LINE('',#586,#587);
#586 = CARTESIAN_POINT('',(-22.41093483101,2.,0.));
#587 = VECTOR('',#588,1.);
#588 = DIRECTION('',(-0.,-0.,-1.));
#589 = ORIENTED_EDGE('',*,*,#590,.F.);
#590 = EDGE_CURVE('',#591,#583,#593,.T.);
#591 = VERTEX_POINT('',#592);
#592 = CARTESIAN_POINT('',(-23.32380757938,2.,19.));
#593 = LINE('',#594,#595);
#594 = CARTESIAN_POINT('',(-11.66190378969,2.,19.));
#595 = VECTOR('',#596,1.);
#596 = DIRECTION('',(1.,0.,0.));
#597 = ORIENTED_EDGE('',*,*,#598,.T.);
#598 = EDGE_CURVE('',#591,#599,#601,.T.);
#599 = VERTEX_POINT('',#600);
#600 = CARTESIAN_POINT('',(-23.32380757938,2.,15.5));
#601 = CIRCLE('',#602,1.75);
#602 = AXIS2_PLACEMENT_3D('',#603,#604,#605);
#603 = CARTESIAN_POINT('',(-23.32380757938,2.,17.25));
#604 = DIRECTION('',(0.,-1.,2.22044604925E-16));
#605 = DIRECTION('',(1.,0.,0.));
#606 = ORIENTED_EDGE('',*,*,#607,.T.);
#607 = EDGE_CURVE('',#599,#540,#608,.T.);
#608 = LINE('',#609,#610);
#609 = CARTESIAN_POINT('',(-11.66190378969,2.,15.5));
#610 = VECTOR('',#611,1.);
#611 = DIRECTION('',(1.,0.,6.459479416001E-16));
#612 = FACE_BOUND('',#613,.F.);
#613 = EDGE_LOOP('',(#614));
#614 = ORIENTED_EDGE('',*,*,#615,.F.);
#615 = EDGE_CURVE('',#616,#616,#618,.T.);
#616 = VERTEX_POINT('',#617);
#617 = CARTESIAN_POINT('',(-30.5,2.,13.));
#618 = CIRCLE('',#619,4.5);
#619 = AXIS2_PLACEMENT_3D('',#620,#621,#622);
#620 = CARTESIAN_POINT('',(-35.,2.,13.));
#621 = DIRECTION('',(0.,1.,-2.22044604925E-16));
#622 = DIRECTION('',(1.,0.,0.));
#623 = PLANE('',#624);
#624 = AXIS2_PLACEMENT_3D('',#625,#626,#627);
#625 = CARTESIAN_POINT('',(0.,2.,63.));
#626 = DIRECTION('',(0.,1.,0.));
#627 = DIRECTION('',(-1.,0.,0.));
#628 = ADVANCED_FACE('',(#629),#647,.F.);
#629 = FACE_BOUND('',#630,.F.);
#630 = EDGE_LOOP('',(#631,#639,#640,#641));
#631 = ORIENTED_EDGE('',*,*,#632,.F.);
#632 = EDGE_CURVE('',#75,#633,#635,.T.);
#633 = VERTEX_POINT('',#634);
#634 = CARTESIAN_POINT('',(-35.,9.,23.));
#635 = LINE('',#636,#637);
#636 = CARTESIAN_POINT('',(-23.,9.,23.));
#637 = VECTOR('',#638,1.);
#638 = DIRECTION('',(-1.,0.,0.));
#639 = ORIENTED_EDGE('',*,*,#74,.F.);
#640 = ORIENTED_EDGE('',*,*,#573,.F.);
#641 = ORIENTED_EDGE('',*,*,#642,.F.);
#642 = EDGE_CURVE('',#633,#565,#643,.T.);
#643 = LINE('',#644,#645);
#644 = CARTESIAN_POINT('',(-35.,9.,23.));
#645 = VECTOR('',#646,1.);
#646 = DIRECTION('',(0.,-1.,2.22044604925E-16));
#647 = PLANE('',#648);
#648 = AXIS2_PLACEMENT_3D('',#649,#650,#651);
#649 = CARTESIAN_POINT('',(-23.,9.,23.));
#650 = DIRECTION('',(-0.,-2.22044604925E-16,-1.));
#651 = DIRECTION('',(-1.,0.,0.));
#652 = ADVANCED_FACE('',(#653,#680),#691,.T.);
#653 = FACE_BOUND('',#654,.T.);
#654 = EDGE_LOOP('',(#655,#664,#665,#666,#673,#674));
#655 = ORIENTED_EDGE('',*,*,#656,.F.);
#656 = EDGE_CURVE('',#633,#657,#659,.T.);
#657 = VERTEX_POINT('',#658);
#658 = CARTESIAN_POINT('',(-35.,9.,3.));
#659 = CIRCLE('',#660,10.);
#660 = AXIS2_PLACEMENT_3D('',#661,#662,#663);
#661 = CARTESIAN_POINT('',(-35.,9.,13.));
#662 = DIRECTION('',(0.,-1.,2.22044604925E-16));
#663 = DIRECTION('',(1.,0.,0.));
#664 = ORIENTED_EDGE('',*,*,#632,.F.);
#665 = ORIENTED_EDGE('',*,*,#83,.T.);
#666 = ORIENTED_EDGE('',*,*,#667,.T.);
#667 = EDGE_CURVE('',#84,#139,#668,.T.);
#668 = CIRCLE('',#669,1.75);
#669 = AXIS2_PLACEMENT_3D('',#670,#671,#672);
#670 = CARTESIAN_POINT('',(-23.32380757938,9.,17.25));
#671 = DIRECTION('',(0.,-1.,2.22044604925E-16));
#672 = DIRECTION('',(1.,0.,0.));
#673 = ORIENTED_EDGE('',*,*,#147,.T.);
#674 = ORIENTED_EDGE('',*,*,#675,.F.);
#675 = EDGE_CURVE('',#657,#148,#676,.T.);
#676 = LINE('',#677,#678);
#677 = CARTESIAN_POINT('',(-35.,9.,3.));
#678 = VECTOR('',#679,1.);
#679 = DIRECTION('',(1.,0.,0.));
#680 = FACE_BOUND('',#681,.T.);
#681 = EDGE_LOOP('',(#682));
#682 = ORIENTED_EDGE('',*,*,#683,.F.);
#683 = EDGE_CURVE('',#684,#684,#686,.T.);
#684 = VERTEX_POINT('',#685);
#685 = CARTESIAN_POINT('',(-41.5,9.,13.));
#686 = CIRCLE('',#687,6.5);
#687 = AXIS2_PLACEMENT_3D('',#688,#689,#690);
#688 = CARTESIAN_POINT('',(-35.,9.,13.));
#689 = DIRECTION('',(0.,1.,-2.22044604925E-16));
#690 = DIRECTION('',(-1.,0.,0.));
#691 = PLANE('',#692);
#692 = AXIS2_PLACEMENT_3D('',#693,#694,#695);
#693 = CARTESIAN_POINT('',(-31.45209823951,9.,30.314185443998));
#694 = DIRECTION('',(0.,1.,-2.292291907648E-16));
#695 = DIRECTION('',(0.,2.292291907648E-16,1.));
#696 = ADVANCED_FACE('',(#697),#722,.T.);
#697 = FACE_BOUND('',#698,.T.);
#698 = EDGE_LOOP('',(#699,#700,#706,#707,#715));
#699 = ORIENTED_EDGE('',*,*,#590,.F.);
#700 = ORIENTED_EDGE('',*,*,#701,.T.);
#701 = EDGE_CURVE('',#591,#84,#702,.T.);
#702 = LINE('',#703,#704);
#703 = CARTESIAN_POINT('',(-23.32380757938,-34.,19.));
#704 = VECTOR('',#705,1.);
#705 = DIRECTION('',(0.,1.,-2.22044604925E-16));
#706 = ORIENTED_EDGE('',*,*,#91,.T.);
#707 = ORIENTED_EDGE('',*,*,#708,.F.);
#708 = EDGE_CURVE('',#709,#92,#711,.T.);
#709 = VERTEX_POINT('',#710);
#710 = CARTESIAN_POINT('',(-1.323807579381,22.461022538896,19.));
#711 = LINE('',#712,#713);
#712 = CARTESIAN_POINT('',(-1.323807579381,-34.,19.));
#713 = VECTOR('',#714,1.);
#714 = DIRECTION('',(0.,1.,-2.22044604925E-16));
#715 = ORIENTED_EDGE('',*,*,#716,.F.);
#716 = EDGE_CURVE('',#583,#709,#717,.T.);
#717 = CIRCLE('',#718,22.5);
#718 = AXIS2_PLACEMENT_3D('',#719,#720,#721);
#719 = CARTESIAN_POINT('',(0.,0.,19.));
#720 = DIRECTION('',(0.,0.,-1.));
#721 = DIRECTION('',(1.,0.,0.));
#722 = PLANE('',#723);
#723 = AXIS2_PLACEMENT_3D('',#724,#725,#726);
#724 = CARTESIAN_POINT('',(-23.32380757938,-34.,19.));
#725 = DIRECTION('',(0.,-2.22044604925E-16,-1.));
#726 = DIRECTION('',(1.,0.,0.));
#727 = ADVANCED_FACE('',(#728),#777,.F.);
#728 = FACE_BOUND('',#729,.F.);
#729 = EDGE_LOOP('',(#730,#751,#757,#758,#759,#760));
#730 = ORIENTED_EDGE('',*,*,#731,.F.);
#731 = EDGE_CURVE('',#732,#734,#736,.T.);
#732 = VERTEX_POINT('',#733);
#733 = CARTESIAN_POINT('',(-1.323807579381,22.461022538896,15.5));
#734 = VERTEX_POINT('',#735);
#735 = CARTESIAN_POINT('',(0.426192420619,22.495963193885,17.25));
#736 = B_SPLINE_CURVE_WITH_KNOTS('',7,(#737,#738,#739,#740,#741,#742,
    #743,#744,#745,#746,#747,#748,#749,#750),.UNSPECIFIED.,.F.,.F.,(8,6,
    8),(0.,0.453404853362,1.),.UNSPECIFIED.);
#737 = CARTESIAN_POINT('',(-1.323807579381,22.461022538896,15.5));
#738 = CARTESIAN_POINT('',(-1.112940527198,22.473450619649,15.5));
#739 = CARTESIAN_POINT('',(-0.90581069042,22.483340787944,
    15.529643151198));
#740 = CARTESIAN_POINT('',(-0.707771880135,22.49053104306,
    15.587038917477));
#741 = CARTESIAN_POINT('',(-0.5236037793,22.495238537896,15.668991802454
    ));
#742 = CARTESIAN_POINT('',(-0.357186444599,22.497987603519,
    15.771093706012));
#743 = CARTESIAN_POINT('',(-0.211124359264,22.499355328691,
    15.887809485964));
#744 = CARTESIAN_POINT('',(6.402410029546E-02,22.500411548404,
    16.162957945524));
#745 = CARTESIAN_POINT('',(0.187034760083,22.499710861092,
    16.328617514068));
#746 = CARTESIAN_POINT('',(0.283703996443,22.498505458269,
    16.504407039049));
#747 = CARTESIAN_POINT('',(0.355216997138,22.497308001185,
    16.686811910089));
#748 = CARTESIAN_POINT('',(0.402529218641,22.496411462469,
    16.873234887606));
#749 = CARTESIAN_POINT('',(0.426192420619,22.495963193885,
    17.061596921516));
#750 = CARTESIAN_POINT('',(0.426192420619,22.495963193885,17.25));
#751 = ORIENTED_EDGE('',*,*,#752,.T.);
#752 = EDGE_CURVE('',#732,#120,#753,.T.);
#753 = LINE('',#754,#755);
#754 = CARTESIAN_POINT('',(-1.323807579381,-34.,15.5));
#755 = VECTOR('',#756,1.);
#756 = DIRECTION('',(0.,1.,-2.22044604925E-16));
#757 = ORIENTED_EDGE('',*,*,#119,.T.);
#758 = ORIENTED_EDGE('',*,*,#100,.T.);
#759 = ORIENTED_EDGE('',*,*,#708,.F.);
#760 = ORIENTED_EDGE('',*,*,#761,.F.);
#761 = EDGE_CURVE('',#734,#709,#762,.T.);
#762 = B_SPLINE_CURVE_WITH_KNOTS('',7,(#763,#764,#765,#766,#767,#768,
    #769,#770,#771,#772,#773,#774,#775,#776),.UNSPECIFIED.,.F.,.F.,(8,6,
    8),(0.,0.486266379625,1.),.UNSPECIFIED.);
#763 = CARTESIAN_POINT('',(0.426192420619,22.495963193885,17.25));
#764 = CARTESIAN_POINT('',(0.426192420619,22.495963193885,
    17.417300516916));
#765 = CARTESIAN_POINT('',(0.407533023987,22.496316693319,
    17.584509950727));
#766 = CARTESIAN_POINT('',(0.370249020926,22.497023091107,
    17.750340768998));
#767 = CARTESIAN_POINT('',(0.313991471868,22.497991261406,
    17.913384926887));
#768 = CARTESIAN_POINT('',(0.238142658129,22.499039251207,
    18.071911925636));
#769 = CARTESIAN_POINT('',(0.141928306973,22.499858322013,
    18.223655053989));
#770 = CARTESIAN_POINT('',(-9.937505351685E-02,22.500122046318,
    18.515340710277));
#771 = CARTESIAN_POINT('',(-0.250198661917,22.499490039146,
    18.658098817584));
#772 = CARTESIAN_POINT('',(-0.427661471498,22.497468866731,
    18.784958932157));
#773 = CARTESIAN_POINT('',(-0.62906583284,22.493240501546,
    18.888250478461));
#774 = CARTESIAN_POINT('',(-0.849787609552,22.485957171511,
    18.961589172403));
#775 = CARTESIAN_POINT('',(-1.083772803051,22.475169706758,19.));
#776 = CARTESIAN_POINT('',(-1.323807579381,22.461022538896,19.));
#777 = CYLINDRICAL_SURFACE('',#778,1.75);
#778 = AXIS2_PLACEMENT_3D('',#779,#780,#781);
#779 = CARTESIAN_POINT('',(-1.323807579381,-34.,17.25));
#780 = DIRECTION('',(0.,-1.,2.22044604925E-16));
#781 = DIRECTION('',(1.,0.,0.));
#782 = ADVANCED_FACE('',(#783),#801,.F.);
#783 = FACE_BOUND('',#784,.F.);
#784 = EDGE_LOOP('',(#785,#786,#792,#793,#794));
#785 = ORIENTED_EDGE('',*,*,#607,.F.);
#786 = ORIENTED_EDGE('',*,*,#787,.T.);
#787 = EDGE_CURVE('',#599,#139,#788,.T.);
#788 = LINE('',#789,#790);
#789 = CARTESIAN_POINT('',(-23.32380757938,-34.,15.5));
#790 = VECTOR('',#791,1.);
#791 = DIRECTION('',(0.,1.,-2.22044604925E-16));
#792 = ORIENTED_EDGE('',*,*,#138,.T.);
#793 = ORIENTED_EDGE('',*,*,#752,.F.);
#794 = ORIENTED_EDGE('',*,*,#795,.F.);
#795 = EDGE_CURVE('',#540,#732,#796,.T.);
#796 = CIRCLE('',#797,22.5);
#797 = AXIS2_PLACEMENT_3D('',#798,#799,#800);
#798 = CARTESIAN_POINT('',(0.,0.,15.5));
#799 = DIRECTION('',(0.,0.,-1.));
#800 = DIRECTION('',(1.,0.,0.));
#801 = PLANE('',#802);
#802 = AXIS2_PLACEMENT_3D('',#803,#804,#805);
#803 = CARTESIAN_POINT('',(-23.32380757938,-34.,15.5));
#804 = DIRECTION('',(6.459479416001E-16,-2.22044604925E-16,-1.));
#805 = DIRECTION('',(1.,1.434292554947E-31,6.459479416001E-16));
#806 = ADVANCED_FACE('',(#807),#818,.F.);
#807 = FACE_BOUND('',#808,.F.);
#808 = EDGE_LOOP('',(#809,#810,#816,#817));
#809 = ORIENTED_EDGE('',*,*,#675,.F.);
#810 = ORIENTED_EDGE('',*,*,#811,.T.);
#811 = EDGE_CURVE('',#657,#557,#812,.T.);
#812 = LINE('',#813,#814);
#813 = CARTESIAN_POINT('',(-35.,9.,3.));
#814 = VECTOR('',#815,1.);
#815 = DIRECTION('',(0.,-1.,2.22044604925E-16));
#816 = ORIENTED_EDGE('',*,*,#556,.F.);
#817 = ORIENTED_EDGE('',*,*,#155,.T.);
#818 = PLANE('',#819);
#819 = AXIS2_PLACEMENT_3D('',#820,#821,#822);
#820 = CARTESIAN_POINT('',(-35.,9.,3.));
#821 = DIRECTION('',(0.,2.22044604925E-16,1.));
#822 = DIRECTION('',(1.,0.,0.));
#823 = ADVANCED_FACE('',(#824,#894,#905),#916,.F.);
#824 = FACE_BOUND('',#825,.F.);
#825 = EDGE_LOOP('',(#826,#834,#835,#836,#845,#852,#853,#854,#862,#871,
    #877,#878,#879,#887));
#826 = ORIENTED_EDGE('',*,*,#827,.T.);
#827 = EDGE_CURVE('',#828,#173,#830,.T.);
#828 = VERTEX_POINT('',#829);
#829 = CARTESIAN_POINT('',(20.250514214433,26.050335234531,0.));
#830 = LINE('',#831,#832);
#831 = CARTESIAN_POINT('',(20.250514214433,26.050335234531,0.));
#832 = VECTOR('',#833,1.);
#833 = DIRECTION('',(-0.671791005452,-0.740740740741,0.));
#834 = ORIENTED_EDGE('',*,*,#172,.T.);
#835 = ORIENTED_EDGE('',*,*,#549,.T.);
#836 = ORIENTED_EDGE('',*,*,#837,.F.);
#837 = EDGE_CURVE('',#838,#542,#840,.T.);
#838 = VERTEX_POINT('',#839);
#839 = CARTESIAN_POINT('',(22.5,0.,0.));
#840 = CIRCLE('',#841,22.5);
#841 = AXIS2_PLACEMENT_3D('',#842,#843,#844);
#842 = CARTESIAN_POINT('',(0.,0.,0.));
#843 = DIRECTION('',(0.,0.,1.));
#844 = DIRECTION('',(1.,0.,0.));
#845 = ORIENTED_EDGE('',*,*,#846,.F.);
#846 = EDGE_CURVE('',#380,#838,#847,.T.);
#847 = CIRCLE('',#848,22.5);
#848 = AXIS2_PLACEMENT_3D('',#849,#850,#851);
#849 = CARTESIAN_POINT('',(0.,0.,0.));
#850 = DIRECTION('',(0.,0.,1.));
#851 = DIRECTION('',(1.,0.,0.));
#852 = ORIENTED_EDGE('',*,*,#379,.T.);
#853 = ORIENTED_EDGE('',*,*,#249,.T.);
#854 = ORIENTED_EDGE('',*,*,#855,.T.);
#855 = EDGE_CURVE('',#242,#856,#858,.T.);
#856 = VERTEX_POINT('',#857);
#857 = CARTESIAN_POINT('',(20.250514214433,-26.05033523453,0.));
#858 = LINE('',#859,#860);
#859 = CARTESIAN_POINT('',(14.858738417809,-20.10517079338,0.));
#860 = VECTOR('',#861,1.);
#861 = DIRECTION('',(0.671791005452,-0.740740740741,0.));
#862 = ORIENTED_EDGE('',*,*,#863,.T.);
#863 = EDGE_CURVE('',#856,#864,#866,.T.);
#864 = VERTEX_POINT('',#865);
#865 = CARTESIAN_POINT('',(23.954217918136,-22.69138020726,0.));
#866 = CIRCLE('',#867,8.);
#867 = AXIS2_PLACEMENT_3D('',#868,#869,#870);
#868 = CARTESIAN_POINT('',(27.207535720826,-30.,0.));
#869 = DIRECTION('',(0.,0.,1.));
#870 = DIRECTION('',(1.,0.,0.));
#871 = ORIENTED_EDGE('',*,*,#872,.T.);
#872 = EDGE_CURVE('',#864,#216,#873,.T.);
#873 = LINE('',#874,#875);
#874 = CARTESIAN_POINT('',(23.954217918136,-22.69138020726,0.));
#875 = VECTOR('',#876,1.);
#876 = DIRECTION('',(-0.671791005452,0.740740740741,0.));
#877 = ORIENTED_EDGE('',*,*,#215,.T.);
#878 = ORIENTED_EDGE('',*,*,#206,.T.);
#879 = ORIENTED_EDGE('',*,*,#880,.T.);
#880 = EDGE_CURVE('',#199,#881,#883,.T.);
#881 = VERTEX_POINT('',#882);
#882 = CARTESIAN_POINT('',(23.954217918136,22.691380207269,0.));
#883 = LINE('',#884,#885);
#884 = CARTESIAN_POINT('',(18.562442121513,16.746215766121,0.));
#885 = VECTOR('',#886,1.);
#886 = DIRECTION('',(0.671791005452,0.740740740741,0.));
#887 = ORIENTED_EDGE('',*,*,#888,.T.);
#888 = EDGE_CURVE('',#881,#828,#889,.T.);
#889 = CIRCLE('',#890,8.);
#890 = AXIS2_PLACEMENT_3D('',#891,#892,#893);
#891 = CARTESIAN_POINT('',(27.207535720826,30.,0.));
#892 = DIRECTION('',(0.,0.,1.));
#893 = DIRECTION('',(1.,0.,0.));
#894 = FACE_BOUND('',#895,.F.);
#895 = EDGE_LOOP('',(#896));
#896 = ORIENTED_EDGE('',*,*,#897,.F.);
#897 = EDGE_CURVE('',#898,#898,#900,.T.);
#898 = VERTEX_POINT('',#899);
#899 = CARTESIAN_POINT('',(31.082535720826,-30.,0.));
#900 = CIRCLE('',#901,3.875);
#901 = AXIS2_PLACEMENT_3D('',#902,#903,#904);
#902 = CARTESIAN_POINT('',(27.207535720826,-30.,0.));
#903 = DIRECTION('',(0.,0.,1.));
#904 = DIRECTION('',(1.,0.,0.));
#905 = FACE_BOUND('',#906,.F.);
#906 = EDGE_LOOP('',(#907));
#907 = ORIENTED_EDGE('',*,*,#908,.F.);
#908 = EDGE_CURVE('',#909,#909,#911,.T.);
#909 = VERTEX_POINT('',#910);
#910 = CARTESIAN_POINT('',(31.082535720826,30.,0.));
#911 = CIRCLE('',#912,3.875);
#912 = AXIS2_PLACEMENT_3D('',#913,#914,#915);
#913 = CARTESIAN_POINT('',(27.207535720826,30.,0.));
#914 = DIRECTION('',(0.,0.,1.));
#915 = DIRECTION('',(1.,0.,0.));
#916 = PLANE('',#917);
#917 = AXIS2_PLACEMENT_3D('',#918,#919,#920);
#918 = CARTESIAN_POINT('',(9.727082656956,1.477765029944E-15,0.));
#919 = DIRECTION('',(0.,0.,1.));
#920 = DIRECTION('',(1.,0.,0.));
#921 = ADVANCED_FACE('',(#922),#940,.F.);
#922 = FACE_BOUND('',#923,.F.);
#923 = EDGE_LOOP('',(#924,#932,#938,#939));
#924 = ORIENTED_EDGE('',*,*,#925,.T.);
#925 = EDGE_CURVE('',#828,#926,#928,.T.);
#926 = VERTEX_POINT('',#927);
#927 = CARTESIAN_POINT('',(20.250514214433,26.050335234531,26.));
#928 = LINE('',#929,#930);
#929 = CARTESIAN_POINT('',(20.250514214433,26.050335234531,0.));
#930 = VECTOR('',#931,1.);
#931 = DIRECTION('',(0.,0.,1.));
#932 = ORIENTED_EDGE('',*,*,#933,.T.);
#933 = EDGE_CURVE('',#926,#182,#934,.T.);
#934 = LINE('',#935,#936);
#935 = CARTESIAN_POINT('',(20.250514214433,26.050335234531,26.));
#936 = VECTOR('',#937,1.);
#937 = DIRECTION('',(-0.671791005452,-0.740740740741,0.));
#938 = ORIENTED_EDGE('',*,*,#181,.F.);
#939 = ORIENTED_EDGE('',*,*,#827,.F.);
#940 = PLANE('',#941);
#941 = AXIS2_PLACEMENT_3D('',#942,#943,#944);
#942 = CARTESIAN_POINT('',(20.250514214433,26.050335234531,0.));
#943 = DIRECTION('',(0.740740740741,-0.671791005452,0.));
#944 = DIRECTION('',(-0.671791005452,-0.740740740741,0.));
#945 = ADVANCED_FACE('',(#946,#965),#976,.T.);
#946 = FACE_BOUND('',#947,.T.);
#947 = EDGE_LOOP('',(#948,#949,#950,#958));
#948 = ORIENTED_EDGE('',*,*,#933,.T.);
#949 = ORIENTED_EDGE('',*,*,#189,.F.);
#950 = ORIENTED_EDGE('',*,*,#951,.T.);
#951 = EDGE_CURVE('',#190,#952,#954,.T.);
#952 = VERTEX_POINT('',#953);
#953 = CARTESIAN_POINT('',(23.954217918136,22.691380207269,26.));
#954 = LINE('',#955,#956);
#955 = CARTESIAN_POINT('',(18.562442121513,16.746215766121,26.));
#956 = VECTOR('',#957,1.);
#957 = DIRECTION('',(0.671791005452,0.740740740741,0.));
#958 = ORIENTED_EDGE('',*,*,#959,.T.);
#959 = EDGE_CURVE('',#952,#926,#960,.T.);
#960 = CIRCLE('',#961,8.);
#961 = AXIS2_PLACEMENT_3D('',#962,#963,#964);
#962 = CARTESIAN_POINT('',(27.207535720826,30.,26.));
#963 = DIRECTION('',(0.,0.,1.));
#964 = DIRECTION('',(1.,0.,0.));
#965 = FACE_BOUND('',#966,.T.);
#966 = EDGE_LOOP('',(#967));
#967 = ORIENTED_EDGE('',*,*,#968,.F.);
#968 = EDGE_CURVE('',#969,#969,#971,.T.);
#969 = VERTEX_POINT('',#970);
#970 = CARTESIAN_POINT('',(31.082535720826,30.,26.));
#971 = CIRCLE('',#972,3.875);
#972 = AXIS2_PLACEMENT_3D('',#973,#974,#975);
#973 = CARTESIAN_POINT('',(27.207535720826,30.,26.));
#974 = DIRECTION('',(0.,0.,1.));
#975 = DIRECTION('',(1.,0.,0.));
#976 = PLANE('',#977);
#977 = AXIS2_PLACEMENT_3D('',#978,#979,#980);
#978 = CARTESIAN_POINT('',(9.727082656956,1.477765029944E-15,26.));
#979 = DIRECTION('',(0.,0.,1.));
#980 = DIRECTION('',(1.,0.,0.));
#981 = ADVANCED_FACE('',(#982),#993,.F.);
#982 = FACE_BOUND('',#983,.F.);
#983 = EDGE_LOOP('',(#984,#985,#986,#992));
#984 = ORIENTED_EDGE('',*,*,#198,.T.);
#985 = ORIENTED_EDGE('',*,*,#951,.T.);
#986 = ORIENTED_EDGE('',*,*,#987,.F.);
#987 = EDGE_CURVE('',#881,#952,#988,.T.);
#988 = LINE('',#989,#990);
#989 = CARTESIAN_POINT('',(23.954217918136,22.691380207269,0.));
#990 = VECTOR('',#991,1.);
#991 = DIRECTION('',(0.,0.,1.));
#992 = ORIENTED_EDGE('',*,*,#880,.F.);
#993 = PLANE('',#994);
#994 = AXIS2_PLACEMENT_3D('',#995,#996,#997);
#995 = CARTESIAN_POINT('',(18.562442121513,16.746215766121,0.));
#996 = DIRECTION('',(-0.740740740741,0.671791005452,0.));
#997 = DIRECTION('',(0.671791005452,0.740740740741,0.));
#998 = ADVANCED_FACE('',(#999),#1017,.F.);
#999 = FACE_BOUND('',#1000,.F.);
#1000 = EDGE_LOOP('',(#1001,#1009,#1015,#1016));
#1001 = ORIENTED_EDGE('',*,*,#1002,.T.);
#1002 = EDGE_CURVE('',#864,#1003,#1005,.T.);
#1003 = VERTEX_POINT('',#1004);
#1004 = CARTESIAN_POINT('',(23.954217918136,-22.69138020726,26.));
#1005 = LINE('',#1006,#1007);
#1006 = CARTESIAN_POINT('',(23.954217918136,-22.69138020726,0.));
#1007 = VECTOR('',#1008,1.);
#1008 = DIRECTION('',(0.,0.,1.));
#1009 = ORIENTED_EDGE('',*,*,#1010,.T.);
#1010 = EDGE_CURVE('',#1003,#225,#1011,.T.);
#1011 = LINE('',#1012,#1013);
#1012 = CARTESIAN_POINT('',(23.954217918136,-22.69138020726,26.));
#1013 = VECTOR('',#1014,1.);
#1014 = DIRECTION('',(-0.671791005452,0.740740740741,0.));
#1015 = ORIENTED_EDGE('',*,*,#224,.F.);
#1016 = ORIENTED_EDGE('',*,*,#872,.F.);
#1017 = PLANE('',#1018);
#1018 = AXIS2_PLACEMENT_3D('',#1019,#1020,#1021);
#1019 = CARTESIAN_POINT('',(23.954217918136,-22.69138020726,0.));
#1020 = DIRECTION('',(-0.740740740741,-0.671791005452,0.));
#1021 = DIRECTION('',(-0.671791005452,0.740740740741,0.));
#1022 = ADVANCED_FACE('',(#1023,#1042),#1053,.T.);
#1023 = FACE_BOUND('',#1024,.T.);
#1024 = EDGE_LOOP('',(#1025,#1026,#1034,#1041));
#1025 = ORIENTED_EDGE('',*,*,#232,.F.);
#1026 = ORIENTED_EDGE('',*,*,#1027,.T.);
#1027 = EDGE_CURVE('',#233,#1028,#1030,.T.);
#1028 = VERTEX_POINT('',#1029);
#1029 = CARTESIAN_POINT('',(20.250514214433,-26.05033523453,26.));
#1030 = LINE('',#1031,#1032);
#1031 = CARTESIAN_POINT('',(14.858738417809,-20.10517079338,26.));
#1032 = VECTOR('',#1033,1.);
#1033 = DIRECTION('',(0.671791005452,-0.740740740741,0.));
#1034 = ORIENTED_EDGE('',*,*,#1035,.T.);
#1035 = EDGE_CURVE('',#1028,#1003,#1036,.T.);
#1036 = CIRCLE('',#1037,8.);
#1037 = AXIS2_PLACEMENT_3D('',#1038,#1039,#1040);
#1038 = CARTESIAN_POINT('',(27.207535720826,-30.,26.));
#1039 = DIRECTION('',(0.,0.,1.));
#1040 = DIRECTION('',(1.,0.,0.));
#1041 = ORIENTED_EDGE('',*,*,#1010,.T.);
#1042 = FACE_BOUND('',#1043,.T.);
#1043 = EDGE_LOOP('',(#1044));
#1044 = ORIENTED_EDGE('',*,*,#1045,.F.);
#1045 = EDGE_CURVE('',#1046,#1046,#1048,.T.);
#1046 = VERTEX_POINT('',#1047);
#1047 = CARTESIAN_POINT('',(31.082535720826,-30.,26.));
#1048 = CIRCLE('',#1049,3.875);
#1049 = AXIS2_PLACEMENT_3D('',#1050,#1051,#1052);
#1050 = CARTESIAN_POINT('',(27.207535720826,-30.,26.));
#1051 = DIRECTION('',(0.,0.,1.));
#1052 = DIRECTION('',(1.,0.,0.));
#1053 = PLANE('',#1054);
#1054 = AXIS2_PLACEMENT_3D('',#1055,#1056,#1057);
#1055 = CARTESIAN_POINT('',(9.727082656956,1.477765029944E-15,26.));
#1056 = DIRECTION('',(0.,0.,1.));
#1057 = DIRECTION('',(1.,0.,0.));
#1058 = ADVANCED_FACE('',(#1059),#1070,.F.);
#1059 = FACE_BOUND('',#1060,.F.);
#1060 = EDGE_LOOP('',(#1061,#1062,#1063,#1069));
#1061 = ORIENTED_EDGE('',*,*,#241,.T.);
#1062 = ORIENTED_EDGE('',*,*,#1027,.T.);
#1063 = ORIENTED_EDGE('',*,*,#1064,.F.);
#1064 = EDGE_CURVE('',#856,#1028,#1065,.T.);
#1065 = LINE('',#1066,#1067);
#1066 = CARTESIAN_POINT('',(20.250514214433,-26.05033523453,0.));
#1067 = VECTOR('',#1068,1.);
#1068 = DIRECTION('',(0.,0.,1.));
#1069 = ORIENTED_EDGE('',*,*,#855,.F.);
#1070 = PLANE('',#1071);
#1071 = AXIS2_PLACEMENT_3D('',#1072,#1073,#1074);
#1072 = CARTESIAN_POINT('',(14.858738417809,-20.10517079338,0.));
#1073 = DIRECTION('',(0.740740740741,0.671791005452,0.));
#1074 = DIRECTION('',(0.671791005452,-0.740740740741,0.));
#1075 = ADVANCED_FACE('',(#1076),#1094,.F.);
#1076 = FACE_BOUND('',#1077,.F.);
#1077 = EDGE_LOOP('',(#1078,#1079,#1087,#1093));
#1078 = ORIENTED_EDGE('',*,*,#453,.F.);
#1079 = ORIENTED_EDGE('',*,*,#1080,.T.);
#1080 = EDGE_CURVE('',#445,#1081,#1083,.T.);
#1081 = VERTEX_POINT('',#1082);
#1082 = CARTESIAN_POINT('',(-35.,-9.,3.));
#1083 = LINE('',#1084,#1085);
#1084 = CARTESIAN_POINT('',(-35.,9.,3.));
#1085 = VECTOR('',#1086,1.);
#1086 = DIRECTION('',(0.,-1.,2.22044604925E-16));
#1087 = ORIENTED_EDGE('',*,*,#1088,.T.);
#1088 = EDGE_CURVE('',#1081,#267,#1089,.T.);
#1089 = LINE('',#1090,#1091);
#1090 = CARTESIAN_POINT('',(-35.,-9.,3.));
#1091 = VECTOR('',#1092,1.);
#1092 = DIRECTION('',(1.,0.,0.));
#1093 = ORIENTED_EDGE('',*,*,#266,.T.);
#1094 = PLANE('',#1095);
#1095 = AXIS2_PLACEMENT_3D('',#1096,#1097,#1098);
#1096 = CARTESIAN_POINT('',(-35.,9.,3.));
#1097 = DIRECTION('',(0.,2.22044604925E-16,1.));
#1098 = DIRECTION('',(1.,0.,0.));
#1099 = ADVANCED_FACE('',(#1100,#1127),#1177,.F.);
#1100 = FACE_BOUND('',#1101,.F.);
#1101 = EDGE_LOOP('',(#1102,#1111,#1117,#1118,#1125,#1126));
#1102 = ORIENTED_EDGE('',*,*,#1103,.F.);
#1103 = EDGE_CURVE('',#1104,#1081,#1106,.T.);
#1104 = VERTEX_POINT('',#1105);
#1105 = CARTESIAN_POINT('',(-35.,-9.,23.));
#1106 = CIRCLE('',#1107,10.);
#1107 = AXIS2_PLACEMENT_3D('',#1108,#1109,#1110);
#1108 = CARTESIAN_POINT('',(-35.,-9.,13.));
#1109 = DIRECTION('',(0.,-1.,2.22044604925E-16));
#1110 = DIRECTION('',(1.,0.,0.));
#1111 = ORIENTED_EDGE('',*,*,#1112,.F.);
#1112 = EDGE_CURVE('',#340,#1104,#1113,.T.);
#1113 = LINE('',#1114,#1115);
#1114 = CARTESIAN_POINT('',(-23.,-9.,23.));
#1115 = VECTOR('',#1116,1.);
#1116 = DIRECTION('',(-1.,0.,0.));
#1117 = ORIENTED_EDGE('',*,*,#339,.T.);
#1118 = ORIENTED_EDGE('',*,*,#1119,.T.);
#1119 = EDGE_CURVE('',#331,#276,#1120,.T.);
#1120 = CIRCLE('',#1121,1.75);
#1121 = AXIS2_PLACEMENT_3D('',#1122,#1123,#1124);
#1122 = CARTESIAN_POINT('',(-23.32380757938,-9.,17.25));
#1123 = DIRECTION('',(0.,-1.,2.22044604925E-16));
#1124 = DIRECTION('',(1.,0.,0.));
#1125 = ORIENTED_EDGE('',*,*,#275,.T.);
#1126 = ORIENTED_EDGE('',*,*,#1088,.F.);
#1127 = FACE_BOUND('',#1128,.F.);
#1128 = EDGE_LOOP('',(#1129,#1139,#1147,#1155,#1163,#1171));
#1129 = ORIENTED_EDGE('',*,*,#1130,.T.);
#1130 = EDGE_CURVE('',#1131,#1133,#1135,.T.);
#1131 = VERTEX_POINT('',#1132);
#1132 = CARTESIAN_POINT('',(-31.5,-9.,6.937822173509));
#1133 = VERTEX_POINT('',#1134);
#1134 = CARTESIAN_POINT('',(-28.,-9.,13.));
#1135 = LINE('',#1136,#1137);
#1136 = CARTESIAN_POINT('',(-31.5,-9.,6.937822173509));
#1137 = VECTOR('',#1138,1.);
#1138 = DIRECTION('',(0.5,1.922962686384E-16,0.866025403784));
#1139 = ORIENTED_EDGE('',*,*,#1140,.T.);
#1140 = EDGE_CURVE('',#1133,#1141,#1143,.T.);
#1141 = VERTEX_POINT('',#1142);
#1142 = CARTESIAN_POINT('',(-31.5,-9.,19.062177826491));
#1143 = LINE('',#1144,#1145);
#1144 = CARTESIAN_POINT('',(-28.,-9.,13.));
#1145 = VECTOR('',#1146,1.);
#1146 = DIRECTION('',(-0.5,1.922962686384E-16,0.866025403784));
#1147 = ORIENTED_EDGE('',*,*,#1148,.T.);
#1148 = EDGE_CURVE('',#1141,#1149,#1151,.T.);
#1149 = VERTEX_POINT('',#1150);
#1150 = CARTESIAN_POINT('',(-38.5,-9.,19.062177826491));
#1151 = LINE('',#1152,#1153);
#1152 = CARTESIAN_POINT('',(-31.5,-9.,19.062177826491));
#1153 = VECTOR('',#1154,1.);
#1154 = DIRECTION('',(-1.,1.126944150316E-31,5.075305255429E-16));
#1155 = ORIENTED_EDGE('',*,*,#1156,.T.);
#1156 = EDGE_CURVE('',#1149,#1157,#1159,.T.);
#1157 = VERTEX_POINT('',#1158);
#1158 = CARTESIAN_POINT('',(-42.,-9.,13.));
#1159 = LINE('',#1160,#1161);
#1160 = CARTESIAN_POINT('',(-38.5,-9.,19.062177826491));
#1161 = VECTOR('',#1162,1.);
#1162 = DIRECTION('',(-0.5,-1.922962686384E-16,-0.866025403784));
#1163 = ORIENTED_EDGE('',*,*,#1164,.T.);
#1164 = EDGE_CURVE('',#1157,#1165,#1167,.T.);
#1165 = VERTEX_POINT('',#1166);
#1166 = CARTESIAN_POINT('',(-38.5,-9.,6.937822173509));
#1167 = LINE('',#1168,#1169);
#1168 = CARTESIAN_POINT('',(-42.,-9.,13.));
#1169 = VECTOR('',#1170,1.);
#1170 = DIRECTION('',(0.5,-1.922962686384E-16,-0.866025403784));
#1171 = ORIENTED_EDGE('',*,*,#1172,.T.);
#1172 = EDGE_CURVE('',#1165,#1131,#1173,.T.);
#1173 = LINE('',#1174,#1175);
#1174 = CARTESIAN_POINT('',(-38.5,-9.,6.937822173509));
#1175 = VECTOR('',#1176,1.);
#1176 = DIRECTION('',(1.,-1.408680187895E-31,-6.344131569287E-16));
#1177 = PLANE('',#1178);
#1178 = AXIS2_PLACEMENT_3D('',#1179,#1180,#1181);
#1179 = CARTESIAN_POINT('',(-31.45209823951,-9.,30.314185443998));
#1180 = DIRECTION('',(0.,1.,-2.292291907648E-16));
#1181 = DIRECTION('',(0.,2.292291907648E-16,1.));
#1182 = ADVANCED_FACE('',(#1183),#1208,.F.);
#1183 = FACE_BOUND('',#1184,.F.);
#1184 = EDGE_LOOP('',(#1185,#1193,#1194,#1200,#1201));
#1185 = ORIENTED_EDGE('',*,*,#1186,.F.);
#1186 = EDGE_CURVE('',#284,#1187,#1189,.T.);
#1187 = VERTEX_POINT('',#1188);
#1188 = CARTESIAN_POINT('',(-1.323807579381,-22.46102253889,15.5));
#1189 = LINE('',#1190,#1191);
#1190 = CARTESIAN_POINT('',(-1.323807579381,-34.,15.5));
#1191 = VECTOR('',#1192,1.);
#1192 = DIRECTION('',(0.,1.,-2.22044604925E-16));
#1193 = ORIENTED_EDGE('',*,*,#283,.T.);
#1194 = ORIENTED_EDGE('',*,*,#1195,.T.);
#1195 = EDGE_CURVE('',#276,#396,#1196,.T.);
#1196 = LINE('',#1197,#1198);
#1197 = CARTESIAN_POINT('',(-23.32380757938,-34.,15.5));
#1198 = VECTOR('',#1199,1.);
#1199 = DIRECTION('',(0.,1.,-2.22044604925E-16));
#1200 = ORIENTED_EDGE('',*,*,#395,.F.);
#1201 = ORIENTED_EDGE('',*,*,#1202,.F.);
#1202 = EDGE_CURVE('',#1187,#388,#1203,.T.);
#1203 = CIRCLE('',#1204,22.5);
#1204 = AXIS2_PLACEMENT_3D('',#1205,#1206,#1207);
#1205 = CARTESIAN_POINT('',(0.,0.,15.5));
#1206 = DIRECTION('',(0.,0.,-1.));
#1207 = DIRECTION('',(1.,0.,0.));
#1208 = PLANE('',#1209);
#1209 = AXIS2_PLACEMENT_3D('',#1210,#1211,#1212);
#1210 = CARTESIAN_POINT('',(-23.32380757938,-34.,15.5));
#1211 = DIRECTION('',(6.459479416001E-16,-2.22044604925E-16,-1.));
#1212 = DIRECTION('',(1.,1.434292554947E-31,6.459479416001E-16));
#1213 = ADVANCED_FACE('',(#1214),#1263,.F.);
#1214 = FACE_BOUND('',#1215,.F.);
#1215 = EDGE_LOOP('',(#1216,#1217,#1218,#1237,#1256,#1262));
#1216 = ORIENTED_EDGE('',*,*,#292,.F.);
#1217 = ORIENTED_EDGE('',*,*,#1186,.T.);
#1218 = ORIENTED_EDGE('',*,*,#1219,.T.);
#1219 = EDGE_CURVE('',#1187,#1220,#1222,.T.);
#1220 = VERTEX_POINT('',#1221);
#1221 = CARTESIAN_POINT('',(0.426192420619,-22.49596319388,17.25));
#1222 = B_SPLINE_CURVE_WITH_KNOTS('',7,(#1223,#1224,#1225,#1226,#1227,
    #1228,#1229,#1230,#1231,#1232,#1233,#1234,#1235,#1236),
  .UNSPECIFIED.,.F.,.F.,(8,6,8),(0.,0.453404853362,1.),.UNSPECIFIED.);
#1223 = CARTESIAN_POINT('',(-1.323807579381,-22.46102253889,15.5));
#1224 = CARTESIAN_POINT('',(-1.112940527198,-22.47345061964,15.5));
#1225 = CARTESIAN_POINT('',(-0.90581069042,-22.48334078794,
    15.529643151198));
#1226 = CARTESIAN_POINT('',(-0.707771880135,-22.49053104306,
    15.587038917477));
#1227 = CARTESIAN_POINT('',(-0.5236037793,-22.49523853789,
    15.668991802454));
#1228 = CARTESIAN_POINT('',(-0.357186444599,-22.49798760351,
    15.771093706012));
#1229 = CARTESIAN_POINT('',(-0.211124359264,-22.49935532869,
    15.887809485964));
#1230 = CARTESIAN_POINT('',(6.402410029544E-02,-22.5004115484,
    16.162957945524));
#1231 = CARTESIAN_POINT('',(0.187034760084,-22.49971086109,
    16.328617514068));
#1232 = CARTESIAN_POINT('',(0.283703996442,-22.49850545826,
    16.504407039049));
#1233 = CARTESIAN_POINT('',(0.355216997138,-22.49730800118,
    16.68681191009));
#1234 = CARTESIAN_POINT('',(0.402529218641,-22.49641146246,
    16.873234887605));
#1235 = CARTESIAN_POINT('',(0.426192420619,-22.49596319388,
    17.061596921516));
#1236 = CARTESIAN_POINT('',(0.426192420619,-22.49596319388,17.25));
#1237 = ORIENTED_EDGE('',*,*,#1238,.T.);
#1238 = EDGE_CURVE('',#1220,#1239,#1241,.T.);
#1239 = VERTEX_POINT('',#1240);
#1240 = CARTESIAN_POINT('',(-1.323807579381,-22.46102253889,19.));
#1241 = B_SPLINE_CURVE_WITH_KNOTS('',7,(#1242,#1243,#1244,#1245,#1246,
    #1247,#1248,#1249,#1250,#1251,#1252,#1253,#1254,#1255),
  .UNSPECIFIED.,.F.,.F.,(8,6,8),(0.,0.486266379625,1.),.UNSPECIFIED.);
#1242 = CARTESIAN_POINT('',(0.426192420619,-22.49596319388,17.25));
#1243 = CARTESIAN_POINT('',(0.426192420619,-22.49596319388,
    17.417300516916));
#1244 = CARTESIAN_POINT('',(0.407533023987,-22.49631669331,
    17.584509950727));
#1245 = CARTESIAN_POINT('',(0.370249020926,-22.4970230911,
    17.750340768998));
#1246 = CARTESIAN_POINT('',(0.313991471869,-22.4979912614,
    17.913384926887));
#1247 = CARTESIAN_POINT('',(0.238142658129,-22.4990392512,
    18.071911925636));
#1248 = CARTESIAN_POINT('',(0.141928306973,-22.49985832201,
    18.223655053989));
#1249 = CARTESIAN_POINT('',(-9.937505351683E-02,-22.50012204631,
    18.515340710277));
#1250 = CARTESIAN_POINT('',(-0.250198661917,-22.49949003914,
    18.658098817584));
#1251 = CARTESIAN_POINT('',(-0.427661471498,-22.49746886673,
    18.784958932156));
#1252 = CARTESIAN_POINT('',(-0.62906583284,-22.49324050154,
    18.888250478461));
#1253 = CARTESIAN_POINT('',(-0.849787609552,-22.48595717151,
    18.961589172403));
#1254 = CARTESIAN_POINT('',(-1.083772803051,-22.47516970675,19.));
#1255 = CARTESIAN_POINT('',(-1.323807579381,-22.46102253889,19.));
#1256 = ORIENTED_EDGE('',*,*,#1257,.F.);
#1257 = EDGE_CURVE('',#312,#1239,#1258,.T.);
#1258 = LINE('',#1259,#1260);
#1259 = CARTESIAN_POINT('',(-1.323807579381,-34.,19.));
#1260 = VECTOR('',#1261,1.);
#1261 = DIRECTION('',(0.,1.,-2.22044604925E-16));
#1262 = ORIENTED_EDGE('',*,*,#311,.F.);
#1263 = CYLINDRICAL_SURFACE('',#1264,1.75);
#1264 = AXIS2_PLACEMENT_3D('',#1265,#1266,#1267);
#1265 = CARTESIAN_POINT('',(-1.323807579381,-34.,17.25));
#1266 = DIRECTION('',(0.,-1.,2.22044604925E-16));
#1267 = DIRECTION('',(1.,0.,0.));
#1268 = ADVANCED_FACE('',(#1269),#1287,.T.);
#1269 = FACE_BOUND('',#1270,.T.);
#1270 = EDGE_LOOP('',(#1271,#1272,#1273,#1279,#1280));
#1271 = ORIENTED_EDGE('',*,*,#1257,.F.);
#1272 = ORIENTED_EDGE('',*,*,#330,.T.);
#1273 = ORIENTED_EDGE('',*,*,#1274,.T.);
#1274 = EDGE_CURVE('',#331,#404,#1275,.T.);
#1275 = LINE('',#1276,#1277);
#1276 = CARTESIAN_POINT('',(-23.32380757938,-34.,19.));
#1277 = VECTOR('',#1278,1.);
#1278 = DIRECTION('',(0.,1.,-2.22044604925E-16));
#1279 = ORIENTED_EDGE('',*,*,#412,.F.);
#1280 = ORIENTED_EDGE('',*,*,#1281,.F.);
#1281 = EDGE_CURVE('',#1239,#413,#1282,.T.);
#1282 = CIRCLE('',#1283,22.5);
#1283 = AXIS2_PLACEMENT_3D('',#1284,#1285,#1286);
#1284 = CARTESIAN_POINT('',(0.,0.,19.));
#1285 = DIRECTION('',(0.,0.,-1.));
#1286 = DIRECTION('',(1.,0.,0.));
#1287 = PLANE('',#1288);
#1288 = AXIS2_PLACEMENT_3D('',#1289,#1290,#1291);
#1289 = CARTESIAN_POINT('',(-23.32380757938,-34.,19.));
#1290 = DIRECTION('',(0.,-2.22044604925E-16,-1.));
#1291 = DIRECTION('',(1.,0.,0.));
#1292 = ADVANCED_FACE('',(#1293),#1304,.F.);
#1293 = FACE_BOUND('',#1294,.F.);
#1294 = EDGE_LOOP('',(#1295,#1296,#1297,#1298));
#1295 = ORIENTED_EDGE('',*,*,#436,.F.);
#1296 = ORIENTED_EDGE('',*,*,#347,.F.);
#1297 = ORIENTED_EDGE('',*,*,#1112,.T.);
#1298 = ORIENTED_EDGE('',*,*,#1299,.F.);
#1299 = EDGE_CURVE('',#437,#1104,#1300,.T.);
#1300 = LINE('',#1301,#1302);
#1301 = CARTESIAN_POINT('',(-35.,9.,23.));
#1302 = VECTOR('',#1303,1.);
#1303 = DIRECTION('',(0.,-1.,2.22044604925E-16));
#1304 = PLANE('',#1305);
#1305 = AXIS2_PLACEMENT_3D('',#1306,#1307,#1308);
#1306 = CARTESIAN_POINT('',(-23.,9.,23.));
#1307 = DIRECTION('',(-0.,-2.22044604925E-16,-1.));
#1308 = DIRECTION('',(-1.,0.,0.));
#1309 = ADVANCED_FACE('',(#1310),#1316,.T.);
#1310 = FACE_BOUND('',#1311,.F.);
#1311 = EDGE_LOOP('',(#1312,#1313,#1314,#1315));
#1312 = ORIENTED_EDGE('',*,*,#444,.T.);
#1313 = ORIENTED_EDGE('',*,*,#1299,.T.);
#1314 = ORIENTED_EDGE('',*,*,#1103,.T.);
#1315 = ORIENTED_EDGE('',*,*,#1080,.F.);
#1316 = CYLINDRICAL_SURFACE('',#1317,10.);
#1317 = AXIS2_PLACEMENT_3D('',#1318,#1319,#1320);
#1318 = CARTESIAN_POINT('',(-35.,9.,13.));
#1319 = DIRECTION('',(0.,1.,-2.22044604925E-16));
#1320 = DIRECTION('',(1.,0.,0.));
#1321 = ADVANCED_FACE('',(#1322),#1340,.F.);
#1322 = FACE_BOUND('',#1323,.T.);
#1323 = EDGE_LOOP('',(#1324,#1325,#1326,#1327,#1328,#1329,#1330,#1331,
    #1332,#1333,#1334,#1335,#1336,#1337,#1338,#1339));
#1324 = ORIENTED_EDGE('',*,*,#496,.T.);
#1325 = ORIENTED_EDGE('',*,*,#582,.T.);
#1326 = ORIENTED_EDGE('',*,*,#716,.T.);
#1327 = ORIENTED_EDGE('',*,*,#761,.F.);
#1328 = ORIENTED_EDGE('',*,*,#731,.F.);
#1329 = ORIENTED_EDGE('',*,*,#795,.F.);
#1330 = ORIENTED_EDGE('',*,*,#539,.T.);
#1331 = ORIENTED_EDGE('',*,*,#837,.F.);
#1332 = ORIENTED_EDGE('',*,*,#846,.F.);
#1333 = ORIENTED_EDGE('',*,*,#387,.F.);
#1334 = ORIENTED_EDGE('',*,*,#1202,.F.);
#1335 = ORIENTED_EDGE('',*,*,#1219,.T.);
#1336 = ORIENTED_EDGE('',*,*,#1238,.T.);
#1337 = ORIENTED_EDGE('',*,*,#1281,.T.);
#1338 = ORIENTED_EDGE('',*,*,#420,.F.);
#1339 = ORIENTED_EDGE('',*,*,#505,.T.);
#1340 = CYLINDRICAL_SURFACE('',#1341,22.5);
#1341 = AXIS2_PLACEMENT_3D('',#1342,#1343,#1344);
#1342 = CARTESIAN_POINT('',(0.,0.,0.));
#1343 = DIRECTION('',(-0.,-0.,-1.));
#1344 = DIRECTION('',(1.,0.,0.));
#1345 = ADVANCED_FACE('',(#1346),#1352,.F.);
#1346 = FACE_BOUND('',#1347,.F.);
#1347 = EDGE_LOOP('',(#1348,#1349,#1350,#1351));
#1348 = ORIENTED_EDGE('',*,*,#1119,.F.);
#1349 = ORIENTED_EDGE('',*,*,#1274,.T.);
#1350 = ORIENTED_EDGE('',*,*,#403,.T.);
#1351 = ORIENTED_EDGE('',*,*,#1195,.F.);
#1352 = CYLINDRICAL_SURFACE('',#1353,1.75);
#1353 = AXIS2_PLACEMENT_3D('',#1354,#1355,#1356);
#1354 = CARTESIAN_POINT('',(-23.32380757938,-34.,17.25));
#1355 = DIRECTION('',(0.,-1.,2.22044604925E-16));
#1356 = DIRECTION('',(1.,0.,0.));
#1357 = ADVANCED_FACE('',(#1358),#1377,.F.);
#1358 = FACE_BOUND('',#1359,.T.);
#1359 = EDGE_LOOP('',(#1360,#1368,#1369,#1370));
#1360 = ORIENTED_EDGE('',*,*,#1361,.F.);
#1361 = EDGE_CURVE('',#462,#1362,#1364,.T.);
#1362 = VERTEX_POINT('',#1363);
#1363 = CARTESIAN_POINT('',(-30.5,-5.,13.));
#1364 = LINE('',#1365,#1366);
#1365 = CARTESIAN_POINT('',(-30.5,9.,13.));
#1366 = VECTOR('',#1367,1.);
#1367 = DIRECTION('',(0.,-1.,2.22044604925E-16));
#1368 = ORIENTED_EDGE('',*,*,#461,.T.);
#1369 = ORIENTED_EDGE('',*,*,#1361,.T.);
#1370 = ORIENTED_EDGE('',*,*,#1371,.T.);
#1371 = EDGE_CURVE('',#1362,#1362,#1372,.T.);
#1372 = CIRCLE('',#1373,4.5);
#1373 = AXIS2_PLACEMENT_3D('',#1374,#1375,#1376);
#1374 = CARTESIAN_POINT('',(-35.,-5.,13.));
#1375 = DIRECTION('',(0.,-1.,2.22044604925E-16));
#1376 = DIRECTION('',(1.,0.,0.));
#1377 = CYLINDRICAL_SURFACE('',#1378,4.5);
#1378 = AXIS2_PLACEMENT_3D('',#1379,#1380,#1381);
#1379 = CARTESIAN_POINT('',(-35.,9.,13.));
#1380 = DIRECTION('',(0.,1.,-2.22044604925E-16));
#1381 = DIRECTION('',(1.,0.,0.));
#1382 = ADVANCED_FACE('',(#1383),#1389,.F.);
#1383 = FACE_BOUND('',#1384,.F.);
#1384 = EDGE_LOOP('',(#1385,#1386,#1387,#1388));
#1385 = ORIENTED_EDGE('',*,*,#598,.F.);
#1386 = ORIENTED_EDGE('',*,*,#701,.T.);
#1387 = ORIENTED_EDGE('',*,*,#667,.T.);
#1388 = ORIENTED_EDGE('',*,*,#787,.F.);
#1389 = CYLINDRICAL_SURFACE('',#1390,1.75);
#1390 = AXIS2_PLACEMENT_3D('',#1391,#1392,#1393);
#1391 = CARTESIAN_POINT('',(-23.32380757938,-34.,17.25));
#1392 = DIRECTION('',(0.,-1.,2.22044604925E-16));
#1393 = DIRECTION('',(1.,0.,0.));
#1394 = ADVANCED_FACE('',(#1395),#1401,.T.);
#1395 = FACE_BOUND('',#1396,.F.);
#1396 = EDGE_LOOP('',(#1397,#1398,#1399,#1400));
#1397 = ORIENTED_EDGE('',*,*,#656,.F.);
#1398 = ORIENTED_EDGE('',*,*,#642,.T.);
#1399 = ORIENTED_EDGE('',*,*,#564,.F.);
#1400 = ORIENTED_EDGE('',*,*,#811,.F.);
#1401 = CYLINDRICAL_SURFACE('',#1402,10.);
#1402 = AXIS2_PLACEMENT_3D('',#1403,#1404,#1405);
#1403 = CARTESIAN_POINT('',(-35.,9.,13.));
#1404 = DIRECTION('',(0.,1.,-2.22044604925E-16));
#1405 = DIRECTION('',(1.,0.,0.));
#1406 = ADVANCED_FACE('',(#1407),#1435,.F.);
#1407 = FACE_BOUND('',#1408,.T.);
#1408 = EDGE_LOOP('',(#1409,#1420,#1426,#1427,#1428));
#1409 = ORIENTED_EDGE('',*,*,#1410,.T.);
#1410 = EDGE_CURVE('',#1411,#1413,#1415,.T.);
#1411 = VERTEX_POINT('',#1412);
#1412 = CARTESIAN_POINT('',(-39.5,5.,13.));
#1413 = VERTEX_POINT('',#1414);
#1414 = CARTESIAN_POINT('',(-30.5,5.,13.));
#1415 = CIRCLE('',#1416,4.5);
#1416 = AXIS2_PLACEMENT_3D('',#1417,#1418,#1419);
#1417 = CARTESIAN_POINT('',(-35.,5.,13.));
#1418 = DIRECTION('',(0.,1.,-2.22044604925E-16));
#1419 = DIRECTION('',(-1.,0.,0.));
#1420 = ORIENTED_EDGE('',*,*,#1421,.T.);
#1421 = EDGE_CURVE('',#1413,#616,#1422,.T.);
#1422 = LINE('',#1423,#1424);
#1423 = CARTESIAN_POINT('',(-30.5,9.,13.));
#1424 = VECTOR('',#1425,1.);
#1425 = DIRECTION('',(0.,-1.,2.22044604925E-16));
#1426 = ORIENTED_EDGE('',*,*,#615,.F.);
#1427 = ORIENTED_EDGE('',*,*,#1421,.F.);
#1428 = ORIENTED_EDGE('',*,*,#1429,.T.);
#1429 = EDGE_CURVE('',#1413,#1411,#1430,.T.);
#1430 = CIRCLE('',#1431,4.5);
#1431 = AXIS2_PLACEMENT_3D('',#1432,#1433,#1434);
#1432 = CARTESIAN_POINT('',(-35.,5.,13.));
#1433 = DIRECTION('',(0.,1.,-2.22044604925E-16));
#1434 = DIRECTION('',(-1.,0.,0.));
#1435 = CYLINDRICAL_SURFACE('',#1436,4.5);
#1436 = AXIS2_PLACEMENT_3D('',#1437,#1438,#1439);
#1437 = CARTESIAN_POINT('',(-35.,9.,13.));
#1438 = DIRECTION('',(0.,1.,-2.22044604925E-16));
#1439 = DIRECTION('',(1.,0.,0.));
#1440 = ADVANCED_FACE('',(#1441),#1460,.F.);
#1441 = FACE_BOUND('',#1442,.F.);
#1442 = EDGE_LOOP('',(#1443,#1451,#1458,#1459));
#1443 = ORIENTED_EDGE('',*,*,#1444,.T.);
#1444 = EDGE_CURVE('',#684,#1445,#1447,.T.);
#1445 = VERTEX_POINT('',#1446);
#1446 = CARTESIAN_POINT('',(-41.5,5.,13.));
#1447 = LINE('',#1448,#1449);
#1448 = CARTESIAN_POINT('',(-41.5,9.,13.));
#1449 = VECTOR('',#1450,1.);
#1450 = DIRECTION('',(0.,-1.,2.22044604925E-16));
#1451 = ORIENTED_EDGE('',*,*,#1452,.T.);
#1452 = EDGE_CURVE('',#1445,#1445,#1453,.T.);
#1453 = CIRCLE('',#1454,6.5);
#1454 = AXIS2_PLACEMENT_3D('',#1455,#1456,#1457);
#1455 = CARTESIAN_POINT('',(-35.,5.,13.));
#1456 = DIRECTION('',(0.,1.,-2.22044604925E-16));
#1457 = DIRECTION('',(-1.,0.,0.));
#1458 = ORIENTED_EDGE('',*,*,#1444,.F.);
#1459 = ORIENTED_EDGE('',*,*,#683,.F.);
#1460 = CYLINDRICAL_SURFACE('',#1461,6.5);
#1461 = AXIS2_PLACEMENT_3D('',#1462,#1463,#1464);
#1462 = CARTESIAN_POINT('',(-35.,9.,13.));
#1463 = DIRECTION('',(0.,1.,-2.22044604925E-16));
#1464 = DIRECTION('',(-1.,0.,0.));
#1465 = ADVANCED_FACE('',(#1466),#1472,.T.);
#1466 = FACE_BOUND('',#1467,.F.);
#1467 = EDGE_LOOP('',(#1468,#1469,#1470,#1471));
#1468 = ORIENTED_EDGE('',*,*,#987,.T.);
#1469 = ORIENTED_EDGE('',*,*,#959,.T.);
#1470 = ORIENTED_EDGE('',*,*,#925,.F.);
#1471 = ORIENTED_EDGE('',*,*,#888,.F.);
#1472 = CYLINDRICAL_SURFACE('',#1473,8.);
#1473 = AXIS2_PLACEMENT_3D('',#1474,#1475,#1476);
#1474 = CARTESIAN_POINT('',(27.207535720826,30.,0.));
#1475 = DIRECTION('',(-0.,-0.,-1.));
#1476 = DIRECTION('',(1.,0.,0.));
#1477 = ADVANCED_FACE('',(#1478),#1484,.T.);
#1478 = FACE_BOUND('',#1479,.F.);
#1479 = EDGE_LOOP('',(#1480,#1481,#1482,#1483));
#1480 = ORIENTED_EDGE('',*,*,#1064,.T.);
#1481 = ORIENTED_EDGE('',*,*,#1035,.T.);
#1482 = ORIENTED_EDGE('',*,*,#1002,.F.);
#1483 = ORIENTED_EDGE('',*,*,#863,.F.);
#1484 = CYLINDRICAL_SURFACE('',#1485,8.);
#1485 = AXIS2_PLACEMENT_3D('',#1486,#1487,#1488);
#1486 = CARTESIAN_POINT('',(27.207535720826,-30.,0.));
#1487 = DIRECTION('',(-0.,-0.,-1.));
#1488 = DIRECTION('',(1.,0.,0.));
#1489 = ADVANCED_FACE('',(#1490),#1501,.F.);
#1490 = FACE_BOUND('',#1491,.T.);
#1491 = EDGE_LOOP('',(#1492,#1498,#1499,#1500));
#1492 = ORIENTED_EDGE('',*,*,#1493,.T.);
#1493 = EDGE_CURVE('',#898,#1046,#1494,.T.);
#1494 = LINE('',#1495,#1496);
#1495 = CARTESIAN_POINT('',(31.082535720826,-30.,0.));
#1496 = VECTOR('',#1497,1.);
#1497 = DIRECTION('',(0.,0.,1.));
#1498 = ORIENTED_EDGE('',*,*,#1045,.T.);
#1499 = ORIENTED_EDGE('',*,*,#1493,.F.);
#1500 = ORIENTED_EDGE('',*,*,#897,.F.);
#1501 = CYLINDRICAL_SURFACE('',#1502,3.875);
#1502 = AXIS2_PLACEMENT_3D('',#1503,#1504,#1505);
#1503 = CARTESIAN_POINT('',(27.207535720826,-30.,0.));
#1504 = DIRECTION('',(-0.,-0.,-1.));
#1505 = DIRECTION('',(1.,0.,0.));
#1506 = ADVANCED_FACE('',(#1507),#1518,.F.);
#1507 = FACE_BOUND('',#1508,.T.);
#1508 = EDGE_LOOP('',(#1509,#1515,#1516,#1517));
#1509 = ORIENTED_EDGE('',*,*,#1510,.T.);
#1510 = EDGE_CURVE('',#909,#969,#1511,.T.);
#1511 = LINE('',#1512,#1513);
#1512 = CARTESIAN_POINT('',(31.082535720826,30.,0.));
#1513 = VECTOR('',#1514,1.);
#1514 = DIRECTION('',(0.,0.,1.));
#1515 = ORIENTED_EDGE('',*,*,#968,.T.);
#1516 = ORIENTED_EDGE('',*,*,#1510,.F.);
#1517 = ORIENTED_EDGE('',*,*,#908,.F.);
#1518 = CYLINDRICAL_SURFACE('',#1519,3.875);
#1519 = AXIS2_PLACEMENT_3D('',#1520,#1521,#1522);
#1520 = CARTESIAN_POINT('',(27.207535720826,30.,0.));
#1521 = DIRECTION('',(-0.,-0.,-1.));
#1522 = DIRECTION('',(1.,0.,0.));
#1523 = ADVANCED_FACE('',(#1524),#1549,.F.);
#1524 = FACE_BOUND('',#1525,.F.);
#1525 = EDGE_LOOP('',(#1526,#1534,#1542,#1548));
#1526 = ORIENTED_EDGE('',*,*,#1527,.T.);
#1527 = EDGE_CURVE('',#1131,#1528,#1530,.T.);
#1528 = VERTEX_POINT('',#1529);
#1529 = CARTESIAN_POINT('',(-31.5,-5.,6.937822173509));
#1530 = LINE('',#1531,#1532);
#1531 = CARTESIAN_POINT('',(-31.5,-9.,6.937822173509));
#1532 = VECTOR('',#1533,1.);
#1533 = DIRECTION('',(0.,1.,-2.22044604925E-16));
#1534 = ORIENTED_EDGE('',*,*,#1535,.T.);
#1535 = EDGE_CURVE('',#1528,#1536,#1538,.T.);
#1536 = VERTEX_POINT('',#1537);
#1537 = CARTESIAN_POINT('',(-28.,-5.,13.));
#1538 = LINE('',#1539,#1540);
#1539 = CARTESIAN_POINT('',(-31.5,-5.,6.937822173509));
#1540 = VECTOR('',#1541,1.);
#1541 = DIRECTION('',(0.5,1.922962686384E-16,0.866025403784));
#1542 = ORIENTED_EDGE('',*,*,#1543,.F.);
#1543 = EDGE_CURVE('',#1133,#1536,#1544,.T.);
#1544 = LINE('',#1545,#1546);
#1545 = CARTESIAN_POINT('',(-28.,-9.,13.));
#1546 = VECTOR('',#1547,1.);
#1547 = DIRECTION('',(0.,1.,-2.22044604925E-16));
#1548 = ORIENTED_EDGE('',*,*,#1130,.F.);
#1549 = PLANE('',#1550);
#1550 = AXIS2_PLACEMENT_3D('',#1551,#1552,#1553);
#1551 = CARTESIAN_POINT('',(-31.5,-9.,6.937822173509));
#1552 = DIRECTION('',(0.866025403784,-1.110223024625E-16,-0.5));
#1553 = DIRECTION('',(0.5,1.922962686384E-16,0.866025403784));
#1554 = ADVANCED_FACE('',(#1555),#1573,.F.);
#1555 = FACE_BOUND('',#1556,.F.);
#1556 = EDGE_LOOP('',(#1557,#1565,#1571,#1572));
#1557 = ORIENTED_EDGE('',*,*,#1558,.T.);
#1558 = EDGE_CURVE('',#1165,#1559,#1561,.T.);
#1559 = VERTEX_POINT('',#1560);
#1560 = CARTESIAN_POINT('',(-38.5,-5.,6.937822173509));
#1561 = LINE('',#1562,#1563);
#1562 = CARTESIAN_POINT('',(-38.5,-9.,6.937822173509));
#1563 = VECTOR('',#1564,1.);
#1564 = DIRECTION('',(0.,1.,-2.22044604925E-16));
#1565 = ORIENTED_EDGE('',*,*,#1566,.T.);
#1566 = EDGE_CURVE('',#1559,#1528,#1567,.T.);
#1567 = LINE('',#1568,#1569);
#1568 = CARTESIAN_POINT('',(-38.5,-5.,6.937822173509));
#1569 = VECTOR('',#1570,1.);
#1570 = DIRECTION('',(1.,-1.408680187895E-31,-6.344131569287E-16));
#1571 = ORIENTED_EDGE('',*,*,#1527,.F.);
#1572 = ORIENTED_EDGE('',*,*,#1172,.F.);
#1573 = PLANE('',#1574);
#1574 = AXIS2_PLACEMENT_3D('',#1575,#1576,#1577);
#1575 = CARTESIAN_POINT('',(-38.5,-9.,6.937822173509));
#1576 = DIRECTION('',(-6.344131569287E-16,-2.22044604925E-16,-1.));
#1577 = DIRECTION('',(1.,-1.408680187895E-31,-6.344131569287E-16));
#1578 = ADVANCED_FACE('',(#1579),#1597,.F.);
#1579 = FACE_BOUND('',#1580,.F.);
#1580 = EDGE_LOOP('',(#1581,#1589,#1595,#1596));
#1581 = ORIENTED_EDGE('',*,*,#1582,.T.);
#1582 = EDGE_CURVE('',#1157,#1583,#1585,.T.);
#1583 = VERTEX_POINT('',#1584);
#1584 = CARTESIAN_POINT('',(-42.,-5.,13.));
#1585 = LINE('',#1586,#1587);
#1586 = CARTESIAN_POINT('',(-42.,-9.,13.));
#1587 = VECTOR('',#1588,1.);
#1588 = DIRECTION('',(0.,1.,-2.22044604925E-16));
#1589 = ORIENTED_EDGE('',*,*,#1590,.T.);
#1590 = EDGE_CURVE('',#1583,#1559,#1591,.T.);
#1591 = LINE('',#1592,#1593);
#1592 = CARTESIAN_POINT('',(-42.,-5.,13.));
#1593 = VECTOR('',#1594,1.);
#1594 = DIRECTION('',(0.5,-1.922962686384E-16,-0.866025403784));
#1595 = ORIENTED_EDGE('',*,*,#1558,.F.);
#1596 = ORIENTED_EDGE('',*,*,#1164,.F.);
#1597 = PLANE('',#1598);
#1598 = AXIS2_PLACEMENT_3D('',#1599,#1600,#1601);
#1599 = CARTESIAN_POINT('',(-42.,-9.,13.));
#1600 = DIRECTION('',(-0.866025403784,-1.110223024625E-16,-0.5));
#1601 = DIRECTION('',(0.5,-1.922962686384E-16,-0.866025403784));
#1602 = ADVANCED_FACE('',(#1603),#1621,.F.);
#1603 = FACE_BOUND('',#1604,.F.);
#1604 = EDGE_LOOP('',(#1605,#1613,#1619,#1620));
#1605 = ORIENTED_EDGE('',*,*,#1606,.T.);
#1606 = EDGE_CURVE('',#1149,#1607,#1609,.T.);
#1607 = VERTEX_POINT('',#1608);
#1608 = CARTESIAN_POINT('',(-38.5,-5.,19.062177826491));
#1609 = LINE('',#1610,#1611);
#1610 = CARTESIAN_POINT('',(-38.5,-9.,19.062177826491));
#1611 = VECTOR('',#1612,1.);
#1612 = DIRECTION('',(0.,1.,-2.22044604925E-16));
#1613 = ORIENTED_EDGE('',*,*,#1614,.T.);
#1614 = EDGE_CURVE('',#1607,#1583,#1615,.T.);
#1615 = LINE('',#1616,#1617);
#1616 = CARTESIAN_POINT('',(-38.5,-5.,19.062177826491));
#1617 = VECTOR('',#1618,1.);
#1618 = DIRECTION('',(-0.5,-1.922962686384E-16,-0.866025403784));
#1619 = ORIENTED_EDGE('',*,*,#1582,.F.);
#1620 = ORIENTED_EDGE('',*,*,#1156,.F.);
#1621 = PLANE('',#1622);
#1622 = AXIS2_PLACEMENT_3D('',#1623,#1624,#1625);
#1623 = CARTESIAN_POINT('',(-38.5,-9.,19.062177826491));
#1624 = DIRECTION('',(-0.866025403784,1.110223024625E-16,0.5));
#1625 = DIRECTION('',(-0.5,-1.922962686384E-16,-0.866025403784));
#1626 = ADVANCED_FACE('',(#1627),#1645,.F.);
#1627 = FACE_BOUND('',#1628,.F.);
#1628 = EDGE_LOOP('',(#1629,#1637,#1643,#1644));
#1629 = ORIENTED_EDGE('',*,*,#1630,.T.);
#1630 = EDGE_CURVE('',#1141,#1631,#1633,.T.);
#1631 = VERTEX_POINT('',#1632);
#1632 = CARTESIAN_POINT('',(-31.5,-5.,19.062177826491));
#1633 = LINE('',#1634,#1635);
#1634 = CARTESIAN_POINT('',(-31.5,-9.,19.062177826491));
#1635 = VECTOR('',#1636,1.);
#1636 = DIRECTION('',(0.,1.,-2.22044604925E-16));
#1637 = ORIENTED_EDGE('',*,*,#1638,.T.);
#1638 = EDGE_CURVE('',#1631,#1607,#1639,.T.);
#1639 = LINE('',#1640,#1641);
#1640 = CARTESIAN_POINT('',(-31.5,-5.,19.062177826491));
#1641 = VECTOR('',#1642,1.);
#1642 = DIRECTION('',(-1.,1.126944150316E-31,5.075305255429E-16));
#1643 = ORIENTED_EDGE('',*,*,#1606,.F.);
#1644 = ORIENTED_EDGE('',*,*,#1148,.F.);
#1645 = PLANE('',#1646);
#1646 = AXIS2_PLACEMENT_3D('',#1647,#1648,#1649);
#1647 = CARTESIAN_POINT('',(-31.5,-9.,19.062177826491));
#1648 = DIRECTION('',(5.075305255429E-16,2.22044604925E-16,1.));
#1649 = DIRECTION('',(-1.,1.126944150316E-31,5.075305255429E-16));
#1650 = ADVANCED_FACE('',(#1651),#1662,.F.);
#1651 = FACE_BOUND('',#1652,.F.);
#1652 = EDGE_LOOP('',(#1653,#1654,#1660,#1661));
#1653 = ORIENTED_EDGE('',*,*,#1543,.T.);
#1654 = ORIENTED_EDGE('',*,*,#1655,.T.);
#1655 = EDGE_CURVE('',#1536,#1631,#1656,.T.);
#1656 = LINE('',#1657,#1658);
#1657 = CARTESIAN_POINT('',(-28.,-5.,13.));
#1658 = VECTOR('',#1659,1.);
#1659 = DIRECTION('',(-0.5,1.922962686384E-16,0.866025403784));
#1660 = ORIENTED_EDGE('',*,*,#1630,.F.);
#1661 = ORIENTED_EDGE('',*,*,#1140,.F.);
#1662 = PLANE('',#1663);
#1663 = AXIS2_PLACEMENT_3D('',#1664,#1665,#1666);
#1664 = CARTESIAN_POINT('',(-28.,-9.,13.));
#1665 = DIRECTION('',(0.866025403784,1.110223024625E-16,0.5));
#1666 = DIRECTION('',(-0.5,1.922962686384E-16,0.866025403784));
#1667 = ADVANCED_FACE('',(#1668,#1676),#1679,.F.);
#1668 = FACE_BOUND('',#1669,.T.);
#1669 = EDGE_LOOP('',(#1670,#1671,#1672,#1673,#1674,#1675));
#1670 = ORIENTED_EDGE('',*,*,#1655,.T.);
#1671 = ORIENTED_EDGE('',*,*,#1638,.T.);
#1672 = ORIENTED_EDGE('',*,*,#1614,.T.);
#1673 = ORIENTED_EDGE('',*,*,#1590,.T.);
#1674 = ORIENTED_EDGE('',*,*,#1566,.T.);
#1675 = ORIENTED_EDGE('',*,*,#1535,.T.);
#1676 = FACE_BOUND('',#1677,.F.);
#1677 = EDGE_LOOP('',(#1678));
#1678 = ORIENTED_EDGE('',*,*,#1371,.T.);
#1679 = PLANE('',#1680);
#1680 = AXIS2_PLACEMENT_3D('',#1681,#1682,#1683);
#1681 = CARTESIAN_POINT('',(-35.,-5.,13.));
#1682 = DIRECTION('',(0.,1.,0.));
#1683 = DIRECTION('',(0.,0.,1.));
#1684 = ADVANCED_FACE('',(#1685,#1688),#1692,.T.);
#1685 = FACE_BOUND('',#1686,.T.);
#1686 = EDGE_LOOP('',(#1687));
#1687 = ORIENTED_EDGE('',*,*,#1452,.T.);
#1688 = FACE_BOUND('',#1689,.F.);
#1689 = EDGE_LOOP('',(#1690,#1691));
#1690 = ORIENTED_EDGE('',*,*,#1410,.T.);
#1691 = ORIENTED_EDGE('',*,*,#1429,.T.);
#1692 = PLANE('',#1693);
#1693 = AXIS2_PLACEMENT_3D('',#1694,#1695,#1696);
#1694 = CARTESIAN_POINT('',(-35.,5.,13.));
#1695 = DIRECTION('',(0.,1.,0.));
#1696 = DIRECTION('',(0.,0.,1.));
#1697 = MANIFOLD_SOLID_BREP('',#1698);
#1698 = CLOSED_SHELL('',(#1699,#1741,#1783,#1816,#1883,#1909,#1926,#1943
    ,#1994,#2045,#2111,#2151,#2182,#2213,#2231,#2256,#2271,#2293));
#1699 = ADVANCED_FACE('',(#1700),#1736,.T.);
#1700 = FACE_BOUND('',#1701,.F.);
#1701 = EDGE_LOOP('',(#1702,#1713,#1721,#1730));
#1702 = ORIENTED_EDGE('',*,*,#1703,.F.);
#1703 = EDGE_CURVE('',#1704,#1706,#1708,.T.);
#1704 = VERTEX_POINT('',#1705);
#1705 = CARTESIAN_POINT('',(-32.,9.,58.));
#1706 = VERTEX_POINT('',#1707);
#1707 = CARTESIAN_POINT('',(-31.99997378607,9.,41.00000000004));
#1708 = CIRCLE('',#1709,8.5);
#1709 = AXIS2_PLACEMENT_3D('',#1710,#1711,#1712);
#1710 = CARTESIAN_POINT('',(-32.,9.,49.5));
#1711 = DIRECTION('',(0.,-1.,2.22044604925E-16));
#1712 = DIRECTION('',(1.,0.,0.));
#1713 = ORIENTED_EDGE('',*,*,#1714,.T.);
#1714 = EDGE_CURVE('',#1704,#1715,#1717,.T.);
#1715 = VERTEX_POINT('',#1716);
#1716 = CARTESIAN_POINT('',(-32.,2.,58.));
#1717 = LINE('',#1718,#1719);
#1718 = CARTESIAN_POINT('',(-32.,9.,58.));
#1719 = VECTOR('',#1720,1.);
#1720 = DIRECTION('',(0.,-1.,2.22044604925E-16));
#1721 = ORIENTED_EDGE('',*,*,#1722,.F.);
#1722 = EDGE_CURVE('',#1723,#1715,#1725,.T.);
#1723 = VERTEX_POINT('',#1724);
#1724 = CARTESIAN_POINT('',(-31.99997378607,2.,41.00000000004));
#1725 = CIRCLE('',#1726,8.5);
#1726 = AXIS2_PLACEMENT_3D('',#1727,#1728,#1729);
#1727 = CARTESIAN_POINT('',(-32.,2.,49.5));
#1728 = DIRECTION('',(0.,1.,-2.22044604925E-16));
#1729 = DIRECTION('',(1.,0.,0.));
#1730 = ORIENTED_EDGE('',*,*,#1731,.F.);
#1731 = EDGE_CURVE('',#1706,#1723,#1732,.T.);
#1732 = LINE('',#1733,#1734);
#1733 = CARTESIAN_POINT('',(-31.99997378607,9.,41.00000000004));
#1734 = VECTOR('',#1735,1.);
#1735 = DIRECTION('',(0.,-1.,2.22044604925E-16));
#1736 = CYLINDRICAL_SURFACE('',#1737,8.5);
#1737 = AXIS2_PLACEMENT_3D('',#1738,#1739,#1740);
#1738 = CARTESIAN_POINT('',(-32.,9.,49.5));
#1739 = DIRECTION('',(0.,1.,-2.22044604925E-16));
#1740 = DIRECTION('',(1.,0.,0.));
#1741 = ADVANCED_FACE('',(#1742,#1767),#1778,.T.);
#1742 = FACE_BOUND('',#1743,.F.);
#1743 = EDGE_LOOP('',(#1744,#1745,#1753,#1761));
#1744 = ORIENTED_EDGE('',*,*,#1703,.T.);
#1745 = ORIENTED_EDGE('',*,*,#1746,.T.);
#1746 = EDGE_CURVE('',#1706,#1747,#1749,.T.);
#1747 = VERTEX_POINT('',#1748);
#1748 = CARTESIAN_POINT('',(-20.99997378607,9.,41.00000000004));
#1749 = LINE('',#1750,#1751);
#1750 = CARTESIAN_POINT('',(-31.99997378607,9.,41.00000000004));
#1751 = VECTOR('',#1752,1.);
#1752 = DIRECTION('',(1.,0.,0.));
#1753 = ORIENTED_EDGE('',*,*,#1754,.T.);
#1754 = EDGE_CURVE('',#1747,#1755,#1757,.T.);
#1755 = VERTEX_POINT('',#1756);
#1756 = CARTESIAN_POINT('',(-20.99997378607,9.,58.));
#1757 = LINE('',#1758,#1759);
#1758 = CARTESIAN_POINT('',(-20.99997378607,9.,41.00000000004));
#1759 = VECTOR('',#1760,1.);
#1760 = DIRECTION('',(0.,2.22044604925E-16,1.));
#1761 = ORIENTED_EDGE('',*,*,#1762,.T.);
#1762 = EDGE_CURVE('',#1755,#1704,#1763,.T.);
#1763 = LINE('',#1764,#1765);
#1764 = CARTESIAN_POINT('',(-20.99997378607,9.,58.));
#1765 = VECTOR('',#1766,1.);
#1766 = DIRECTION('',(-1.,0.,0.));
#1767 = FACE_BOUND('',#1768,.T.);
#1768 = EDGE_LOOP('',(#1769));
#1769 = ORIENTED_EDGE('',*,*,#1770,.T.);
#1770 = EDGE_CURVE('',#1771,#1771,#1773,.T.);
#1771 = VERTEX_POINT('',#1772);
#1772 = CARTESIAN_POINT('',(-27.5,9.,49.5));
#1773 = CIRCLE('',#1774,4.5);
#1774 = AXIS2_PLACEMENT_3D('',#1775,#1776,#1777);
#1775 = CARTESIAN_POINT('',(-32.,9.,49.5));
#1776 = DIRECTION('',(0.,-1.,2.22044604925E-16));
#1777 = DIRECTION('',(1.,0.,0.));
#1778 = PLANE('',#1779);
#1779 = AXIS2_PLACEMENT_3D('',#1780,#1781,#1782);
#1780 = CARTESIAN_POINT('',(-31.45209823951,9.,30.314185443998));
#1781 = DIRECTION('',(0.,1.,-2.292291907648E-16));
#1782 = DIRECTION('',(0.,2.292291907648E-16,1.));
#1783 = ADVANCED_FACE('',(#1784),#1811,.F.);
#1784 = FACE_BOUND('',#1785,.F.);
#1785 = EDGE_LOOP('',(#1786,#1787,#1788,#1796,#1805));
#1786 = ORIENTED_EDGE('',*,*,#1746,.F.);
#1787 = ORIENTED_EDGE('',*,*,#1731,.T.);
#1788 = ORIENTED_EDGE('',*,*,#1789,.F.);
#1789 = EDGE_CURVE('',#1790,#1723,#1792,.T.);
#1790 = VERTEX_POINT('',#1791);
#1791 = CARTESIAN_POINT('',(-22.39622482437,2.,41.00000000004));
#1792 = LINE('',#1793,#1794);
#1793 = CARTESIAN_POINT('',(-15.99998689303,2.,41.00000000004));
#1794 = VECTOR('',#1795,1.);
#1795 = DIRECTION('',(-1.,0.,0.));
#1796 = ORIENTED_EDGE('',*,*,#1797,.T.);
#1797 = EDGE_CURVE('',#1790,#1798,#1800,.T.);
#1798 = VERTEX_POINT('',#1799);
#1799 = CARTESIAN_POINT('',(-20.99997378607,7.919317359622,
    41.00000000004));
#1800 = CIRCLE('',#1801,22.5);
#1801 = AXIS2_PLACEMENT_3D('',#1802,#1803,#1804);
#1802 = CARTESIAN_POINT('',(0.,-0.158498,41.00000000004));
#1803 = DIRECTION('',(0.,0.,-1.));
#1804 = DIRECTION('',(1.,0.,0.));
#1805 = ORIENTED_EDGE('',*,*,#1806,.F.);
#1806 = EDGE_CURVE('',#1747,#1798,#1807,.T.);
#1807 = LINE('',#1808,#1809);
#1808 = CARTESIAN_POINT('',(-20.99997378607,9.,41.00000000004));
#1809 = VECTOR('',#1810,1.);
#1810 = DIRECTION('',(0.,-1.,2.22044604925E-16));
#1811 = PLANE('',#1812);
#1812 = AXIS2_PLACEMENT_3D('',#1813,#1814,#1815);
#1813 = CARTESIAN_POINT('',(-31.99997378607,9.,41.00000000004));
#1814 = DIRECTION('',(0.,2.22044604925E-16,1.));
#1815 = DIRECTION('',(1.,0.,0.));
#1816 = ADVANCED_FACE('',(#1817,#1867),#1878,.F.);
#1817 = FACE_BOUND('',#1818,.F.);
#1818 = EDGE_LOOP('',(#1819,#1829,#1837,#1845,#1851,#1852,#1853,#1861));
#1819 = ORIENTED_EDGE('',*,*,#1820,.F.);
#1820 = EDGE_CURVE('',#1821,#1823,#1825,.T.);
#1821 = VERTEX_POINT('',#1822);
#1822 = CARTESIAN_POINT('',(-19.88318099258,2.,63.));
#1823 = VERTEX_POINT('',#1824);
#1824 = CARTESIAN_POINT('',(-22.39622482437,2.,63.));
#1825 = LINE('',#1826,#1827);
#1826 = CARTESIAN_POINT('',(0.,2.,63.));
#1827 = VECTOR('',#1828,1.);
#1828 = DIRECTION('',(-1.,0.,0.));
#1829 = ORIENTED_EDGE('',*,*,#1830,.T.);
#1830 = EDGE_CURVE('',#1821,#1831,#1833,.T.);
#1831 = VERTEX_POINT('',#1832);
#1832 = CARTESIAN_POINT('',(-19.88318099258,2.,36.));
#1833 = LINE('',#1834,#1835);
#1834 = CARTESIAN_POINT('',(-19.88318099258,2.,36.));
#1835 = VECTOR('',#1836,1.);
#1836 = DIRECTION('',(-0.,-0.,-1.));
#1837 = ORIENTED_EDGE('',*,*,#1838,.T.);
#1838 = EDGE_CURVE('',#1831,#1839,#1841,.T.);
#1839 = VERTEX_POINT('',#1840);
#1840 = CARTESIAN_POINT('',(-22.39622482437,2.,36.));
#1841 = LINE('',#1842,#1843);
#1842 = CARTESIAN_POINT('',(-7.722014866105E-16,2.,36.));
#1843 = VECTOR('',#1844,1.);
#1844 = DIRECTION('',(-1.,0.,0.));
#1845 = ORIENTED_EDGE('',*,*,#1846,.F.);
#1846 = EDGE_CURVE('',#1790,#1839,#1847,.T.);
#1847 = LINE('',#1848,#1849);
#1848 = CARTESIAN_POINT('',(-22.39622482437,2.,36.));
#1849 = VECTOR('',#1850,1.);
#1850 = DIRECTION('',(-0.,-0.,-1.));
#1851 = ORIENTED_EDGE('',*,*,#1789,.T.);
#1852 = ORIENTED_EDGE('',*,*,#1722,.T.);
#1853 = ORIENTED_EDGE('',*,*,#1854,.T.);
#1854 = EDGE_CURVE('',#1715,#1855,#1857,.T.);
#1855 = VERTEX_POINT('',#1856);
#1856 = CARTESIAN_POINT('',(-22.39622482437,2.,58.));
#1857 = LINE('',#1858,#1859);
#1858 = CARTESIAN_POINT('',(-10.49998689303,2.,58.));
#1859 = VECTOR('',#1860,1.);
#1860 = DIRECTION('',(1.,0.,0.));
#1861 = ORIENTED_EDGE('',*,*,#1862,.F.);
#1862 = EDGE_CURVE('',#1823,#1855,#1863,.T.);
#1863 = LINE('',#1864,#1865);
#1864 = CARTESIAN_POINT('',(-22.39622482437,2.,36.));
#1865 = VECTOR('',#1866,1.);
#1866 = DIRECTION('',(-0.,-0.,-1.));
#1867 = FACE_BOUND('',#1868,.F.);
#1868 = EDGE_LOOP('',(#1869));
#1869 = ORIENTED_EDGE('',*,*,#1870,.F.);
#1870 = EDGE_CURVE('',#1871,#1871,#1873,.T.);
#1871 = VERTEX_POINT('',#1872);
#1872 = CARTESIAN_POINT('',(-27.5,2.,49.5));
#1873 = CIRCLE('',#1874,4.5);
#1874 = AXIS2_PLACEMENT_3D('',#1875,#1876,#1877);
#1875 = CARTESIAN_POINT('',(-32.,2.,49.5));
#1876 = DIRECTION('',(0.,1.,-2.22044604925E-16));
#1877 = DIRECTION('',(1.,0.,0.));
#1878 = PLANE('',#1879);
#1879 = AXIS2_PLACEMENT_3D('',#1880,#1881,#1882);
#1880 = CARTESIAN_POINT('',(0.,2.,63.));
#1881 = DIRECTION('',(0.,1.,0.));
#1882 = DIRECTION('',(-1.,0.,0.));
#1883 = ADVANCED_FACE('',(#1884),#1904,.F.);
#1884 = FACE_BOUND('',#1885,.F.);
#1885 = EDGE_LOOP('',(#1886,#1887,#1895,#1902,#1903));
#1886 = ORIENTED_EDGE('',*,*,#1762,.F.);
#1887 = ORIENTED_EDGE('',*,*,#1888,.T.);
#1888 = EDGE_CURVE('',#1755,#1889,#1891,.T.);
#1889 = VERTEX_POINT('',#1890);
#1890 = CARTESIAN_POINT('',(-20.99997378607,7.919317359622,58.));
#1891 = LINE('',#1892,#1893);
#1892 = CARTESIAN_POINT('',(-20.99997378607,9.,58.));
#1893 = VECTOR('',#1894,1.);
#1894 = DIRECTION('',(0.,-1.,2.22044604925E-16));
#1895 = ORIENTED_EDGE('',*,*,#1896,.F.);
#1896 = EDGE_CURVE('',#1855,#1889,#1897,.T.);
#1897 = CIRCLE('',#1898,22.5);
#1898 = AXIS2_PLACEMENT_3D('',#1899,#1900,#1901);
#1899 = CARTESIAN_POINT('',(0.,-0.158498,58.));
#1900 = DIRECTION('',(0.,0.,-1.));
#1901 = DIRECTION('',(1.,0.,0.));
#1902 = ORIENTED_EDGE('',*,*,#1854,.F.);
#1903 = ORIENTED_EDGE('',*,*,#1714,.F.);
#1904 = PLANE('',#1905);
#1905 = AXIS2_PLACEMENT_3D('',#1906,#1907,#1908);
#1906 = CARTESIAN_POINT('',(-20.99997378607,9.,58.));
#1907 = DIRECTION('',(-0.,-2.22044604925E-16,-1.));
#1908 = DIRECTION('',(-1.,0.,0.));
#1909 = ADVANCED_FACE('',(#1910),#1921,.F.);
#1910 = FACE_BOUND('',#1911,.F.);
#1911 = EDGE_LOOP('',(#1912,#1913,#1914,#1920));
#1912 = ORIENTED_EDGE('',*,*,#1754,.F.);
#1913 = ORIENTED_EDGE('',*,*,#1806,.T.);
#1914 = ORIENTED_EDGE('',*,*,#1915,.F.);
#1915 = EDGE_CURVE('',#1889,#1798,#1916,.T.);
#1916 = LINE('',#1917,#1918);
#1917 = CARTESIAN_POINT('',(-20.99997378607,7.919317359622,36.));
#1918 = VECTOR('',#1919,1.);
#1919 = DIRECTION('',(-0.,-0.,-1.));
#1920 = ORIENTED_EDGE('',*,*,#1888,.F.);
#1921 = PLANE('',#1922);
#1922 = AXIS2_PLACEMENT_3D('',#1923,#1924,#1925);
#1923 = CARTESIAN_POINT('',(-20.99997378607,9.,41.00000000004));
#1924 = DIRECTION('',(-1.,0.,0.));
#1925 = DIRECTION('',(0.,2.22044604925E-16,1.));
#1926 = ADVANCED_FACE('',(#1927),#1938,.F.);
#1927 = FACE_BOUND('',#1928,.T.);
#1928 = EDGE_LOOP('',(#1929,#1930,#1936,#1937));
#1929 = ORIENTED_EDGE('',*,*,#1770,.F.);
#1930 = ORIENTED_EDGE('',*,*,#1931,.T.);
#1931 = EDGE_CURVE('',#1771,#1871,#1932,.T.);
#1932 = LINE('',#1933,#1934);
#1933 = CARTESIAN_POINT('',(-27.5,9.,49.5));
#1934 = VECTOR('',#1935,1.);
#1935 = DIRECTION('',(0.,-1.,2.22044604925E-16));
#1936 = ORIENTED_EDGE('',*,*,#1870,.F.);
#1937 = ORIENTED_EDGE('',*,*,#1931,.F.);
#1938 = CYLINDRICAL_SURFACE('',#1939,4.5);
#1939 = AXIS2_PLACEMENT_3D('',#1940,#1941,#1942);
#1940 = CARTESIAN_POINT('',(-32.,9.,49.5));
#1941 = DIRECTION('',(0.,1.,-2.22044604925E-16));
#1942 = DIRECTION('',(1.,0.,0.));
#1943 = ADVANCED_FACE('',(#1944),#1989,.T.);
#1944 = FACE_BOUND('',#1945,.T.);
#1945 = EDGE_LOOP('',(#1946,#1957,#1964,#1965,#1974,#1983));
#1946 = ORIENTED_EDGE('',*,*,#1947,.T.);
#1947 = EDGE_CURVE('',#1948,#1950,#1952,.T.);
#1948 = VERTEX_POINT('',#1949);
#1949 = CARTESIAN_POINT('',(-22.424514942,-1.999999999999,63.));
#1950 = VERTEX_POINT('',#1951);
#1951 = CARTESIAN_POINT('',(22.5,-0.158498,63.));
#1952 = CIRCLE('',#1953,22.5);
#1953 = AXIS2_PLACEMENT_3D('',#1954,#1955,#1956);
#1954 = CARTESIAN_POINT('',(0.,-0.158498,63.));
#1955 = DIRECTION('',(0.,0.,1.));
#1956 = DIRECTION('',(1.,0.,0.));
#1957 = ORIENTED_EDGE('',*,*,#1958,.T.);
#1958 = EDGE_CURVE('',#1950,#1823,#1959,.T.);
#1959 = CIRCLE('',#1960,22.5);
#1960 = AXIS2_PLACEMENT_3D('',#1961,#1962,#1963);
#1961 = CARTESIAN_POINT('',(0.,-0.158498,63.));
#1962 = DIRECTION('',(0.,0.,1.));
#1963 = DIRECTION('',(1.,0.,0.));
#1964 = ORIENTED_EDGE('',*,*,#1820,.F.);
#1965 = ORIENTED_EDGE('',*,*,#1966,.F.);
#1966 = EDGE_CURVE('',#1967,#1821,#1969,.T.);
#1967 = VERTEX_POINT('',#1968);
#1968 = CARTESIAN_POINT('',(20.,-0.158498,63.));
#1969 = CIRCLE('',#1970,20.);
#1970 = AXIS2_PLACEMENT_3D('',#1971,#1972,#1973);
#1971 = CARTESIAN_POINT('',(0.,-0.158498,63.));
#1972 = DIRECTION('',(0.,0.,1.));
#1973 = DIRECTION('',(1.,0.,0.));
#1974 = ORIENTED_EDGE('',*,*,#1975,.F.);
#1975 = EDGE_CURVE('',#1976,#1967,#1978,.T.);
#1976 = VERTEX_POINT('',#1977);
#1977 = CARTESIAN_POINT('',(-19.91504131012,-2.,63.));
#1978 = CIRCLE('',#1979,20.);
#1979 = AXIS2_PLACEMENT_3D('',#1980,#1981,#1982);
#1980 = CARTESIAN_POINT('',(0.,-0.158498,63.));
#1981 = DIRECTION('',(0.,0.,1.));
#1982 = DIRECTION('',(1.,0.,0.));
#1983 = ORIENTED_EDGE('',*,*,#1984,.F.);
#1984 = EDGE_CURVE('',#1948,#1976,#1985,.T.);
#1985 = LINE('',#1986,#1987);
#1986 = CARTESIAN_POINT('',(-60.,-2.,63.));
#1987 = VECTOR('',#1988,1.);
#1988 = DIRECTION('',(1.,0.,0.));
#1989 = PLANE('',#1990);
#1990 = AXIS2_PLACEMENT_3D('',#1991,#1992,#1993);
#1991 = CARTESIAN_POINT('',(-1.544402973221E-15,-0.158498,63.));
#1992 = DIRECTION('',(0.,0.,1.));
#1993 = DIRECTION('',(1.,0.,0.));
#1994 = ADVANCED_FACE('',(#1995),#2040,.F.);
#1995 = FACE_BOUND('',#1996,.F.);
#1996 = EDGE_LOOP('',(#1997,#2008,#2015,#2016,#2025,#2034));
#1997 = ORIENTED_EDGE('',*,*,#1998,.T.);
#1998 = EDGE_CURVE('',#1999,#2001,#2003,.T.);
#1999 = VERTEX_POINT('',#2000);
#2000 = CARTESIAN_POINT('',(-22.424514942,-2.,36.));
#2001 = VERTEX_POINT('',#2002);
#2002 = CARTESIAN_POINT('',(22.5,-0.158498,36.));
#2003 = CIRCLE('',#2004,22.5);
#2004 = AXIS2_PLACEMENT_3D('',#2005,#2006,#2007);
#2005 = CARTESIAN_POINT('',(0.,-0.158498,36.));
#2006 = DIRECTION('',(0.,0.,1.));
#2007 = DIRECTION('',(1.,0.,0.));
#2008 = ORIENTED_EDGE('',*,*,#2009,.T.);
#2009 = EDGE_CURVE('',#2001,#1839,#2010,.T.);
#2010 = CIRCLE('',#2011,22.5);
#2011 = AXIS2_PLACEMENT_3D('',#2012,#2013,#2014);
#2012 = CARTESIAN_POINT('',(0.,-0.158498,36.));
#2013 = DIRECTION('',(0.,0.,1.));
#2014 = DIRECTION('',(1.,0.,0.));
#2015 = ORIENTED_EDGE('',*,*,#1838,.F.);
#2016 = ORIENTED_EDGE('',*,*,#2017,.F.);
#2017 = EDGE_CURVE('',#2018,#1831,#2020,.T.);
#2018 = VERTEX_POINT('',#2019);
#2019 = CARTESIAN_POINT('',(20.,-0.158498,36.));
#2020 = CIRCLE('',#2021,20.);
#2021 = AXIS2_PLACEMENT_3D('',#2022,#2023,#2024);
#2022 = CARTESIAN_POINT('',(0.,-0.158498,36.));
#2023 = DIRECTION('',(0.,0.,1.));
#2024 = DIRECTION('',(1.,0.,0.));
#2025 = ORIENTED_EDGE('',*,*,#2026,.F.);
#2026 = EDGE_CURVE('',#2027,#2018,#2029,.T.);
#2027 = VERTEX_POINT('',#2028);
#2028 = CARTESIAN_POINT('',(-19.91504131012,-2.,36.));
#2029 = CIRCLE('',#2030,20.);
#2030 = AXIS2_PLACEMENT_3D('',#2031,#2032,#2033);
#2031 = CARTESIAN_POINT('',(0.,-0.158498,36.));
#2032 = DIRECTION('',(0.,0.,1.));
#2033 = DIRECTION('',(1.,0.,0.));
#2034 = ORIENTED_EDGE('',*,*,#2035,.F.);
#2035 = EDGE_CURVE('',#1999,#2027,#2036,.T.);
#2036 = LINE('',#2037,#2038);
#2037 = CARTESIAN_POINT('',(-30.,-2.,36.));
#2038 = VECTOR('',#2039,1.);
#2039 = DIRECTION('',(1.,0.,0.));
#2040 = PLANE('',#2041);
#2041 = AXIS2_PLACEMENT_3D('',#2042,#2043,#2044);
#2042 = CARTESIAN_POINT('',(-1.544402973221E-15,-0.158498,36.));
#2043 = DIRECTION('',(0.,0.,1.));
#2044 = DIRECTION('',(1.,0.,0.));
#2045 = ADVANCED_FACE('',(#2046,#2095),#2106,.F.);
#2046 = FACE_BOUND('',#2047,.F.);
#2047 = EDGE_LOOP('',(#2048,#2049,#2057,#2065,#2074,#2082,#2088,#2089));
#2048 = ORIENTED_EDGE('',*,*,#1984,.F.);
#2049 = ORIENTED_EDGE('',*,*,#2050,.T.);
#2050 = EDGE_CURVE('',#1948,#2051,#2053,.T.);
#2051 = VERTEX_POINT('',#2052);
#2052 = CARTESIAN_POINT('',(-22.424514942,-2.,58.));
#2053 = LINE('',#2054,#2055);
#2054 = CARTESIAN_POINT('',(-22.424514942,-2.,36.));
#2055 = VECTOR('',#2056,1.);
#2056 = DIRECTION('',(-0.,-0.,-1.));
#2057 = ORIENTED_EDGE('',*,*,#2058,.T.);
#2058 = EDGE_CURVE('',#2051,#2059,#2061,.T.);
#2059 = VERTEX_POINT('',#2060);
#2060 = CARTESIAN_POINT('',(-32.,-2.,58.));
#2061 = LINE('',#2062,#2063);
#2062 = CARTESIAN_POINT('',(-40.49998689303,-2.,58.));
#2063 = VECTOR('',#2064,1.);
#2064 = DIRECTION('',(-1.,0.,0.));
#2065 = ORIENTED_EDGE('',*,*,#2066,.F.);
#2066 = EDGE_CURVE('',#2067,#2059,#2069,.T.);
#2067 = VERTEX_POINT('',#2068);
#2068 = CARTESIAN_POINT('',(-31.99997378607,-2.,41.00000000004));
#2069 = CIRCLE('',#2070,8.5);
#2070 = AXIS2_PLACEMENT_3D('',#2071,#2072,#2073);
#2071 = CARTESIAN_POINT('',(-32.,-2.,49.5));
#2072 = DIRECTION('',(0.,1.,-2.22044604925E-16));
#2073 = DIRECTION('',(1.,0.,0.));
#2074 = ORIENTED_EDGE('',*,*,#2075,.T.);
#2075 = EDGE_CURVE('',#2067,#2076,#2078,.T.);
#2076 = VERTEX_POINT('',#2077);
#2077 = CARTESIAN_POINT('',(-22.424514942,-2.,41.00000000004));
#2078 = LINE('',#2079,#2080);
#2079 = CARTESIAN_POINT('',(-45.99998689303,-2.,41.00000000004));
#2080 = VECTOR('',#2081,1.);
#2081 = DIRECTION('',(1.,0.,0.));
#2082 = ORIENTED_EDGE('',*,*,#2083,.T.);
#2083 = EDGE_CURVE('',#2076,#1999,#2084,.T.);
#2084 = LINE('',#2085,#2086);
#2085 = CARTESIAN_POINT('',(-22.424514942,-2.,36.));
#2086 = VECTOR('',#2087,1.);
#2087 = DIRECTION('',(-0.,-0.,-1.));
#2088 = ORIENTED_EDGE('',*,*,#2035,.T.);
#2089 = ORIENTED_EDGE('',*,*,#2090,.F.);
#2090 = EDGE_CURVE('',#1976,#2027,#2091,.T.);
#2091 = LINE('',#2092,#2093);
#2092 = CARTESIAN_POINT('',(-19.91504131012,-2.,36.));
#2093 = VECTOR('',#2094,1.);
#2094 = DIRECTION('',(-0.,-0.,-1.));
#2095 = FACE_BOUND('',#2096,.F.);
#2096 = EDGE_LOOP('',(#2097));
#2097 = ORIENTED_EDGE('',*,*,#2098,.T.);
#2098 = EDGE_CURVE('',#2099,#2099,#2101,.T.);
#2099 = VERTEX_POINT('',#2100);
#2100 = CARTESIAN_POINT('',(-27.5,-2.,49.5));
#2101 = CIRCLE('',#2102,4.5);
#2102 = AXIS2_PLACEMENT_3D('',#2103,#2104,#2105);
#2103 = CARTESIAN_POINT('',(-32.,-2.,49.5));
#2104 = DIRECTION('',(0.,1.,-2.22044604925E-16));
#2105 = DIRECTION('',(1.,0.,0.));
#2106 = PLANE('',#2107);
#2107 = AXIS2_PLACEMENT_3D('',#2108,#2109,#2110);
#2108 = CARTESIAN_POINT('',(-60.,-2.,63.));
#2109 = DIRECTION('',(0.,-1.,0.));
#2110 = DIRECTION('',(1.,0.,0.));
#2111 = ADVANCED_FACE('',(#2112),#2146,.F.);
#2112 = FACE_BOUND('',#2113,.F.);
#2113 = EDGE_LOOP('',(#2114,#2122,#2123,#2132,#2140));
#2114 = ORIENTED_EDGE('',*,*,#2115,.F.);
#2115 = EDGE_CURVE('',#2059,#2116,#2118,.T.);
#2116 = VERTEX_POINT('',#2117);
#2117 = CARTESIAN_POINT('',(-32.,-9.,58.));
#2118 = LINE('',#2119,#2120);
#2119 = CARTESIAN_POINT('',(-32.,9.,58.));
#2120 = VECTOR('',#2121,1.);
#2121 = DIRECTION('',(0.,-1.,2.22044604925E-16));
#2122 = ORIENTED_EDGE('',*,*,#2058,.F.);
#2123 = ORIENTED_EDGE('',*,*,#2124,.F.);
#2124 = EDGE_CURVE('',#2125,#2051,#2127,.T.);
#2125 = VERTEX_POINT('',#2126);
#2126 = CARTESIAN_POINT('',(-20.99997378607,-8.236313359622,58.));
#2127 = CIRCLE('',#2128,22.5);
#2128 = AXIS2_PLACEMENT_3D('',#2129,#2130,#2131);
#2129 = CARTESIAN_POINT('',(0.,-0.158498,58.));
#2130 = DIRECTION('',(0.,0.,-1.));
#2131 = DIRECTION('',(1.,0.,0.));
#2132 = ORIENTED_EDGE('',*,*,#2133,.T.);
#2133 = EDGE_CURVE('',#2125,#2134,#2136,.T.);
#2134 = VERTEX_POINT('',#2135);
#2135 = CARTESIAN_POINT('',(-20.99997378607,-9.,58.));
#2136 = LINE('',#2137,#2138);
#2137 = CARTESIAN_POINT('',(-20.99997378607,9.,58.));
#2138 = VECTOR('',#2139,1.);
#2139 = DIRECTION('',(0.,-1.,2.22044604925E-16));
#2140 = ORIENTED_EDGE('',*,*,#2141,.T.);
#2141 = EDGE_CURVE('',#2134,#2116,#2142,.T.);
#2142 = LINE('',#2143,#2144);
#2143 = CARTESIAN_POINT('',(-20.99997378607,-9.,58.));
#2144 = VECTOR('',#2145,1.);
#2145 = DIRECTION('',(-1.,0.,0.));
#2146 = PLANE('',#2147);
#2147 = AXIS2_PLACEMENT_3D('',#2148,#2149,#2150);
#2148 = CARTESIAN_POINT('',(-20.99997378607,9.,58.));
#2149 = DIRECTION('',(-0.,-2.22044604925E-16,-1.));
#2150 = DIRECTION('',(-1.,0.,0.));
#2151 = ADVANCED_FACE('',(#2152),#2177,.F.);
#2152 = FACE_BOUND('',#2153,.F.);
#2153 = EDGE_LOOP('',(#2154,#2162,#2170,#2176));
#2154 = ORIENTED_EDGE('',*,*,#2155,.T.);
#2155 = EDGE_CURVE('',#2125,#2156,#2158,.T.);
#2156 = VERTEX_POINT('',#2157);
#2157 = CARTESIAN_POINT('',(-20.99997378607,-8.236313359622,
    41.00000000004));
#2158 = LINE('',#2159,#2160);
#2159 = CARTESIAN_POINT('',(-20.99997378607,-8.236313359622,36.));
#2160 = VECTOR('',#2161,1.);
#2161 = DIRECTION('',(-0.,-0.,-1.));
#2162 = ORIENTED_EDGE('',*,*,#2163,.T.);
#2163 = EDGE_CURVE('',#2156,#2164,#2166,.T.);
#2164 = VERTEX_POINT('',#2165);
#2165 = CARTESIAN_POINT('',(-20.99997378607,-9.,41.00000000004));
#2166 = LINE('',#2167,#2168);
#2167 = CARTESIAN_POINT('',(-20.99997378607,9.,41.00000000004));
#2168 = VECTOR('',#2169,1.);
#2169 = DIRECTION('',(0.,-1.,2.22044604925E-16));
#2170 = ORIENTED_EDGE('',*,*,#2171,.T.);
#2171 = EDGE_CURVE('',#2164,#2134,#2172,.T.);
#2172 = LINE('',#2173,#2174);
#2173 = CARTESIAN_POINT('',(-20.99997378607,-9.,41.00000000004));
#2174 = VECTOR('',#2175,1.);
#2175 = DIRECTION('',(0.,2.22044604925E-16,1.));
#2176 = ORIENTED_EDGE('',*,*,#2133,.F.);
#2177 = PLANE('',#2178);
#2178 = AXIS2_PLACEMENT_3D('',#2179,#2180,#2181);
#2179 = CARTESIAN_POINT('',(-20.99997378607,9.,41.00000000004));
#2180 = DIRECTION('',(-1.,0.,0.));
#2181 = DIRECTION('',(0.,2.22044604925E-16,1.));
#2182 = ADVANCED_FACE('',(#2183),#2208,.F.);
#2183 = FACE_BOUND('',#2184,.F.);
#2184 = EDGE_LOOP('',(#2185,#2186,#2194,#2200,#2201));
#2185 = ORIENTED_EDGE('',*,*,#2075,.F.);
#2186 = ORIENTED_EDGE('',*,*,#2187,.T.);
#2187 = EDGE_CURVE('',#2067,#2188,#2190,.T.);
#2188 = VERTEX_POINT('',#2189);
#2189 = CARTESIAN_POINT('',(-31.99997378607,-9.,41.00000000004));
#2190 = LINE('',#2191,#2192);
#2191 = CARTESIAN_POINT('',(-31.99997378607,9.,41.00000000004));
#2192 = VECTOR('',#2193,1.);
#2193 = DIRECTION('',(0.,-1.,2.22044604925E-16));
#2194 = ORIENTED_EDGE('',*,*,#2195,.T.);
#2195 = EDGE_CURVE('',#2188,#2164,#2196,.T.);
#2196 = LINE('',#2197,#2198);
#2197 = CARTESIAN_POINT('',(-31.99997378607,-9.,41.00000000004));
#2198 = VECTOR('',#2199,1.);
#2199 = DIRECTION('',(1.,0.,0.));
#2200 = ORIENTED_EDGE('',*,*,#2163,.F.);
#2201 = ORIENTED_EDGE('',*,*,#2202,.T.);
#2202 = EDGE_CURVE('',#2156,#2076,#2203,.T.);
#2203 = CIRCLE('',#2204,22.5);
#2204 = AXIS2_PLACEMENT_3D('',#2205,#2206,#2207);
#2205 = CARTESIAN_POINT('',(0.,-0.158498,41.00000000004));
#2206 = DIRECTION('',(0.,0.,-1.));
#2207 = DIRECTION('',(1.,0.,0.));
#2208 = PLANE('',#2209);
#2209 = AXIS2_PLACEMENT_3D('',#2210,#2211,#2212);
#2210 = CARTESIAN_POINT('',(-31.99997378607,9.,41.00000000004));
#2211 = DIRECTION('',(0.,2.22044604925E-16,1.));
#2212 = DIRECTION('',(1.,0.,0.));
#2213 = ADVANCED_FACE('',(#2214),#2226,.T.);
#2214 = FACE_BOUND('',#2215,.F.);
#2215 = EDGE_LOOP('',(#2216,#2217,#2218,#2225));
#2216 = ORIENTED_EDGE('',*,*,#2066,.T.);
#2217 = ORIENTED_EDGE('',*,*,#2115,.T.);
#2218 = ORIENTED_EDGE('',*,*,#2219,.T.);
#2219 = EDGE_CURVE('',#2116,#2188,#2220,.T.);
#2220 = CIRCLE('',#2221,8.5);
#2221 = AXIS2_PLACEMENT_3D('',#2222,#2223,#2224);
#2222 = CARTESIAN_POINT('',(-32.,-9.,49.5));
#2223 = DIRECTION('',(0.,-1.,2.22044604925E-16));
#2224 = DIRECTION('',(1.,0.,0.));
#2225 = ORIENTED_EDGE('',*,*,#2187,.F.);
#2226 = CYLINDRICAL_SURFACE('',#2227,8.5);
#2227 = AXIS2_PLACEMENT_3D('',#2228,#2229,#2230);
#2228 = CARTESIAN_POINT('',(-32.,9.,49.5));
#2229 = DIRECTION('',(0.,1.,-2.22044604925E-16));
#2230 = DIRECTION('',(1.,0.,0.));
#2231 = ADVANCED_FACE('',(#2232),#2251,.F.);
#2232 = FACE_BOUND('',#2233,.T.);
#2233 = EDGE_LOOP('',(#2234,#2235,#2243,#2250));
#2234 = ORIENTED_EDGE('',*,*,#2098,.T.);
#2235 = ORIENTED_EDGE('',*,*,#2236,.T.);
#2236 = EDGE_CURVE('',#2099,#2237,#2239,.T.);
#2237 = VERTEX_POINT('',#2238);
#2238 = CARTESIAN_POINT('',(-27.5,-9.,49.5));
#2239 = LINE('',#2240,#2241);
#2240 = CARTESIAN_POINT('',(-27.5,9.,49.5));
#2241 = VECTOR('',#2242,1.);
#2242 = DIRECTION('',(0.,-1.,2.22044604925E-16));
#2243 = ORIENTED_EDGE('',*,*,#2244,.T.);
#2244 = EDGE_CURVE('',#2237,#2237,#2245,.T.);
#2245 = CIRCLE('',#2246,4.5);
#2246 = AXIS2_PLACEMENT_3D('',#2247,#2248,#2249);
#2247 = CARTESIAN_POINT('',(-32.,-9.,49.5));
#2248 = DIRECTION('',(0.,-1.,2.22044604925E-16));
#2249 = DIRECTION('',(1.,0.,0.));
#2250 = ORIENTED_EDGE('',*,*,#2236,.F.);
#2251 = CYLINDRICAL_SURFACE('',#2252,4.5);
#2252 = AXIS2_PLACEMENT_3D('',#2253,#2254,#2255);
#2253 = CARTESIAN_POINT('',(-32.,9.,49.5));
#2254 = DIRECTION('',(0.,1.,-2.22044604925E-16));
#2255 = DIRECTION('',(1.,0.,0.));
#2256 = ADVANCED_FACE('',(#2257,#2263),#2266,.F.);
#2257 = FACE_BOUND('',#2258,.T.);
#2258 = EDGE_LOOP('',(#2259,#2260,#2261,#2262));
#2259 = ORIENTED_EDGE('',*,*,#2219,.T.);
#2260 = ORIENTED_EDGE('',*,*,#2195,.T.);
#2261 = ORIENTED_EDGE('',*,*,#2171,.T.);
#2262 = ORIENTED_EDGE('',*,*,#2141,.T.);
#2263 = FACE_BOUND('',#2264,.F.);
#2264 = EDGE_LOOP('',(#2265));
#2265 = ORIENTED_EDGE('',*,*,#2244,.T.);
#2266 = PLANE('',#2267);
#2267 = AXIS2_PLACEMENT_3D('',#2268,#2269,#2270);
#2268 = CARTESIAN_POINT('',(-31.45209823951,-9.,30.314185443998));
#2269 = DIRECTION('',(0.,1.,-2.292291907648E-16));
#2270 = DIRECTION('',(0.,2.292291907648E-16,1.));
#2271 = ADVANCED_FACE('',(#2272),#2288,.T.);
#2272 = FACE_BOUND('',#2273,.F.);
#2273 = EDGE_LOOP('',(#2274,#2275,#2276,#2277,#2278,#2279,#2280,#2281,
    #2282,#2283,#2284,#2285,#2286,#2287));
#2274 = ORIENTED_EDGE('',*,*,#2083,.F.);
#2275 = ORIENTED_EDGE('',*,*,#2202,.F.);
#2276 = ORIENTED_EDGE('',*,*,#2155,.F.);
#2277 = ORIENTED_EDGE('',*,*,#2124,.T.);
#2278 = ORIENTED_EDGE('',*,*,#2050,.F.);
#2279 = ORIENTED_EDGE('',*,*,#1947,.T.);
#2280 = ORIENTED_EDGE('',*,*,#1958,.T.);
#2281 = ORIENTED_EDGE('',*,*,#1862,.T.);
#2282 = ORIENTED_EDGE('',*,*,#1896,.T.);
#2283 = ORIENTED_EDGE('',*,*,#1915,.T.);
#2284 = ORIENTED_EDGE('',*,*,#1797,.F.);
#2285 = ORIENTED_EDGE('',*,*,#1846,.T.);
#2286 = ORIENTED_EDGE('',*,*,#2009,.F.);
#2287 = ORIENTED_EDGE('',*,*,#1998,.F.);
#2288 = CYLINDRICAL_SURFACE('',#2289,22.5);
#2289 = AXIS2_PLACEMENT_3D('',#2290,#2291,#2292);
#2290 = CARTESIAN_POINT('',(0.,-0.158498,36.));
#2291 = DIRECTION('',(-0.,-0.,-1.));
#2292 = DIRECTION('',(1.,0.,0.));
#2293 = ADVANCED_FACE('',(#2294),#2302,.F.);
#2294 = FACE_BOUND('',#2295,.T.);
#2295 = EDGE_LOOP('',(#2296,#2297,#2298,#2299,#2300,#2301));
#2296 = ORIENTED_EDGE('',*,*,#2026,.F.);
#2297 = ORIENTED_EDGE('',*,*,#2090,.F.);
#2298 = ORIENTED_EDGE('',*,*,#1975,.T.);
#2299 = ORIENTED_EDGE('',*,*,#1966,.T.);
#2300 = ORIENTED_EDGE('',*,*,#1830,.T.);
#2301 = ORIENTED_EDGE('',*,*,#2017,.F.);
#2302 = CYLINDRICAL_SURFACE('',#2303,20.);
#2303 = AXIS2_PLACEMENT_3D('',#2304,#2305,#2306);
#2304 = CARTESIAN_POINT('',(0.,-0.158498,36.));
#2305 = DIRECTION('',(-0.,-0.,-1.));
#2306 = DIRECTION('',(1.,0.,0.));
#2307 = ( GEOMETRIC_REPRESENTATION_CONTEXT(3) 
GLOBAL_UNCERTAINTY_ASSIGNED_CONTEXT((#2311)) 
GLOBAL_UNIT_ASSIGNED_CONTEXT((#2308,#2309,#2310)) REPRESENTATION_CONTEXT
('Context #1','3D Context with UNIT and UNCERTAINTY') );
#2308 = ( LENGTH_UNIT() NAMED_UNIT(*) SI_UNIT(.MILLI.,.METRE.) );
#2309 = ( NAMED_UNIT(*) PLANE_ANGLE_UNIT() SI_UNIT($,.RADIAN.) );
#2310 = ( NAMED_UNIT(*) SI_UNIT($,.STERADIAN.) SOLID_ANGLE_UNIT() );
#2311 = UNCERTAINTY_MEASURE_WITH_UNIT(LENGTH_MEASURE(1.E-05),#2308,
  'distance_accuracy_value','confusion accuracy');
#2312 = PRODUCT_RELATED_PRODUCT_CATEGORY('part',$,(#7));
#2313 = MECHANICAL_DESIGN_GEOMETRIC_PRESENTATION_REPRESENTATION('',(
    #2314,#2325),#2307);
#2314 = STYLED_ITEM('color',(#2315),#15);
#2315 = PRESENTATION_STYLE_ASSIGNMENT((#2316,#2322));
#2316 = SURFACE_STYLE_USAGE(.BOTH.,#2317);
#2317 = SURFACE_SIDE_STYLE('',(#2318));
#2318 = SURFACE_STYLE_FILL_AREA(#2319);
#2319 = FILL_AREA_STYLE('',(#2320));
#2320 = FILL_AREA_STYLE_COLOUR('',#2321);
#2321 = COLOUR_RGB('',0.447058818107,0.474509808674,0.501960817233);
#2322 = CURVE_STYLE('',#2323,POSITIVE_LENGTH_MEASURE(0.1),#2324);
#2323 = DRAUGHTING_PRE_DEFINED_CURVE_FONT('continuous');
#2324 = COLOUR_RGB('',9.803921802644E-02,9.803921802644E-02,
  9.803921802644E-02);
#2325 = STYLED_ITEM('color',(#2326),#1697);
#2326 = PRESENTATION_STYLE_ASSIGNMENT((#2327,#2332));
#2327 = SURFACE_STYLE_USAGE(.BOTH.,#2328);
#2328 = SURFACE_SIDE_STYLE('',(#2329));
#2329 = SURFACE_STYLE_FILL_AREA(#2330);
#2330 = FILL_AREA_STYLE('',(#2331));
#2331 = FILL_AREA_STYLE_COLOUR('',#2321);
#2332 = CURVE_STYLE('',#2333,POSITIVE_LENGTH_MEASURE(0.1),#2324);
#2333 = DRAUGHTING_PRE_DEFINED_CURVE_FONT('continuous');
ENDSEC;
END-ISO-10303-21;
